id,name__sk,name__eo,name__cs,name,wikipedia__cs,wikipedia__sk,wikipedia__skwikiquote,gender,given_name,original_wikiname,name__en,name__de,name__ru,name__pl,wikipedia__en,wikipedia__pl,birth_date,name__hu,name__es,name__fr,name__nl,name__be_tarask,name__nb,name__da,name__nn,name__sv,wikipedia__be_x_old,wikipedia__commons,wikipedia__de,wikipedia__hu,wikipedia__ru,wikipedia__zh,image,identifier__ISNI,identifier__VIAF,identifier__GND,identifier__LCAuth,identifier__SUDOC,identifier__freebase,identifier__NKC,name__ar,name__it,wikipedia__ar,wikipedia__fr,wikipedia__it,identifier__BNF,family_name,name__be,name__he,name__ca,name__fi,name__uk,name__ga,wikipedia__be,wikipedia__ca,wikipedia__eo,wikipedia__es,wikipedia__fi,wikipedia__ga,wikipedia__he,wikipedia__nl,wikipedia__sv,wikipedia__uk,identifier__EuroparlMEP,name__eu,name__ko,name__oc,name__lv,name__gl,name__id,name__ja,name__pt,name__tr,name__rue,name__io,name__bg,name__sr,name__ka,name__hr,wikipedia__bg,wikipedia__cswikiquote,wikipedia__gl,wikipedia__hr,wikipedia__id,wikipedia__io,wikipedia__ja,wikipedia__ka,wikipedia__ko,wikipedia__lv,wikipedia__nn,wikipedia__no,wikipedia__oc,wikipedia__pt,wikipedia__rue,wikipedia__sr,wikipedia__tr,website,name__lb,name__zh,name__ta,name__yo,name__ms,name__et,name__el,name__mr,name__pt_br,name__vi,name__ie,name__fa,name__lmo,name__mk,name__la,wikipedia__da,wikipedia__el,wikipedia__et,wikipedia__fa,wikipedia__huwikiquote,wikipedia__ie,wikipedia__la,wikipedia__lb,wikipedia__lmo,wikipedia__mr,wikipedia__ms,wikipedia__plwikiquote,wikipedia__ta,wikipedia__ukwikiquote,wikipedia__vi,wikipedia__yo,name__af,name__an,name__ast,name__bar,name__br,name__bs,name__co,name__cy,name__fur,name__gd,name__gsw,name__is,name__li,name__lij,name__lt,name__nap,name__nds,name__nds_nl,name__pcd,name__pms,name__rm,name__ro,name__sc,name__scn,name__sco,name__sl,name__sq,name__vec,name__vls,name__wa,name__tt,name__de_ch,name__en_ca,name__en_gb,wikipedia__itwikiquote,identifier__IMDB,identifier__AlloCine,identifier__allmovie
Q11714338,Ivan Štefanec,,,Ivan Štefanec,,Ivan Štefanec,,male,Ivan,Ivan Štefanec,Ivan Štefanec,Ivan Štefanec,,Ivan Štefanec,Ivan Štefanec,Ivan Štefanec,1961-09-30,,,Ivan Štefanec,,,,,,,,,Ivan Štefanec,,,,https://upload.wikimedia.org/wikipedia/commons/d/de/Ivan_Štefanec.jpg,,,,,,,,,,,Ivan Štefanec,,,,,,,,Іван Штефанець,,,,,,,,,,,Іван Штефанець,124929,,,,,,,,,,,,,,,,,,,,,,,,,,,,,,,,,,,,,,,,,,,,,,,,,,,,,,,,,,,,,,,,,,,,,,,,,,,,,,,,,,,,,,,,,,,,,,,,,,,,,,
Q11719711,Jana Žitňanská,,Jana Žitňanská,Jana Žitňanská,Jana Žitňanská,Jana Žitňanská,,female,Jana,Jana Žitňanská,Jana Žitňanská,Jana Žitňanská,,Jana Žitňanská,,Jana Žitňanská,1974-05-14,,,Jana Žitňanská,,,,,,,,Category:Jana Žitňanská,Jana Žitňanská,,,,https://upload.wikimedia.org/wikipedia/commons/1/17/Robert_Bujna_Jana_Zitnanska_inauguracia_starostu_a_poslancov_obce_Kuchyna_01_crop.jpg,,,,,,,,,,,Jana Žitňanská,,,,,,,,,,,,,,,,,,,,124901,,,,,,,,,,,,,,,,,,,,,,,,,,,,,,,,,,,,,,,,,,,,,,,,,,,,,,,,,,,,,,,,,,,,,,,,,,,,,,,,,,,,,,,,,,,,,,,,,,,,,,
Q11728689,Jozef Buček,,,Jozef Buček,,Jozef Buček,,male,Jozef,Jozef Buček,,,,Jozef Buček,,Jozef Buček,,,,,,,,,,,,,,,,,,,,,,,,,,,,,,,,,,,,,,,,,,,,,,,,,,,,,,,,,,,,,,,,,,,,,,,,,,,,,,,,,,,,,,,,,,,,,,,,,,,,,,,,,,,,,,,,,,,,,,,,,,,,,,,,,,,,,,,,,,,,,,,,,,,,,,
Q11728697,Jozef Viskupič,,,Jozef Viskupič,,Jozef Viskupič,,male,Jozef,Jozef Viskupič,,,,Jozef Viskupič,,Jozef Viskupič,1976-02-08,,,,,,,,,,,,,,,,https://upload.wikimedia.org/wikipedia/commons/3/39/Jozef-Viskupic.jpg,,,,,,,,,,,,,,,,,,,,,,,,,,,,,,,,,,,,,,,,,,,,,,,,,,,,,,,,,,,,,,,,,,,,,,,,,,,,,,,,,,,,,,,,,,,,,,,,,,,,,,,,,,,,,,,,,,,,,,,,,,,,,,,,,,,,,
Q11770677,Martin Fecko,,,Martin Fecko,,Martin Fecko,,male,Martin,Martin Fecko,,,,Martin Fecko,,Martin Fecko,,,,,,,,,,,,,,,,,,,,,,,,,,,,,,,,,,,,,,,,,,,,,,,,,,,,,,,,,,,,,,,,,,,,,,,,,,,,,,,,,,,,,,,,,,,,,,,,,,,,,,,,,,,,,,,,,,,,,,,,,,,,,,,,,,,,,,,,,,,,,,,,,,,,,,
Q11774290,Darina Gabániová,,Darina Gabániová,Darina Gabániová,Darina Gabániová,Darina Gabániová,,female,Darina,Darina Gabániová,,,,,,,1955-08-20,,,,,,,,,,,,,,,,,,,,,,,,,,,,,,,,,,,,,,,,,,,,,,,,,,,,,,,,,,,,,,,,,,,,,,,,,,,,,,,,,,,,,,,,,,,,,,,,,,,,,,,,,,,,,,,,,,,,,,,,,,,,,,,,,,,,,,,,,,,,,,,,,,,,,
Q11781702,Miroslav Beblavý,,,Miroslav Beblavý,,Miroslav Beblavý,,male,Miroslav,Miroslav Beblavý,Miroslav Beblavý,Miroslav Beblavý,,Miroslav Beblavý,,Miroslav Beblavý,1977-01-06,,Miroslav Beblavý,Miroslav Beblavý,Miroslav Beblavý,,,,,,,,,,,,,,34097930,,,123324076,,,,Miroslav Beblavý,,,,14499962g,,,,,,,,,,,,,,,,,,,,,,,,,,Miroslav Beblavý,,,,,,,,,,,,,,,,,,,,,,,,,,,,,,,,,,,,,,,,,,,,,,,,,,,,,,,,,,,,,,,,,,,,,,,,,,,,,,,,,,,,,,,,,,,,,,
Q11785116,Monika Gibalová,,,Monika Gibalová,,Monika Gibalová,,female,Monika,Monika Gibalová,,,,Monika Gibalová,,Monika Gibalová,,,,,,,,,,,,,,,,,,,,,,,,,,,,,,,,,,,,,,,,,,,,,,,,,,,,,,,,,,,,,,,,,,,,,,,,,,,,,,,,,,,,,,,,,,,,,,,,,,,,,,,,,,,,,,,,,,,,,,,,,,,,,,,,,,,,,,,,,,,,,,,,,,,,,,
Q11815889,Peter Muránsky,,,Peter Muránsky,,Peter Muránsky,Peter Muránsky,male,Peter,Peter Muránsky,,,,Peter Muránsky,,Peter Muránsky,,,,,,,,,,,,,,,,,,,,,,,,,,,,,,,,,,,,,,,,,,,,,,,,,,,,,,,,,,,,,,,,,,,,,,,,,,,,,,,,,,,,,,,,,,,,,,,,,,,,,,,,,,,,,,,,,,,,,,,,,,,,,,,,,,,,,,,,,,,,,,,,,,,,,,
Q11815897,Peter Osuský,,,Peter Osuský,,Peter Osuský,,male,Peter,Peter Osuský,,,,Peter Osuský,,Peter Osuský,1953-10-11,,,,,,,,,,,Category:Peter Osuský,,,,,,,85664326,,,,,,,,,,,,,,,,,,,,,,,,,,,,,,,,,,,,,,,,,,,,,,,,,,,,,,,,,,,,,,,,,,,,,,,,,,,,,,,,,,,,,,,,,,,,,,,,,,,,,,,,,,,,,,,,,,,,,,,,,,,,,,,,,,,
Q11836134,Dušan Jarjabek,,Dušan Jarjabek,Dušan Jarjabek,Dušan Jarjabek,Dušan Jarjabek,,male,Dušan,Dušan Jarjabek,,,,,,,1953-03-04,,,,,,,,,,,,,,,,https://upload.wikimedia.org/wikipedia/commons/b/bf/Dušan_Jarjabek_(5581962207).jpg,,,,,,,,,,,,,,,,,,,,,,,,,,,,,,,,,,,,,,,,,,,,,,,,,,,,,,,,,,,,,,,,,,,,,,,,,,,,,,,,,,,,,,,,,,,,,,,,,,,,,,,,,,,,,,,,,,,,,,,,,,,,,,,,,,,,,
Q12027046,Jozef Mikloško,,Jozef Mikloško,Jozef Mikloško,Jozef Mikloško,Jozef Mikloško,Jozef Mikloško,male,Jozef,Jozef Mikloško,Jozef Mikloško,,,,,,1939-03-31,,,,,,,,,,,,,,,,,,187827981,,,,,,,,,,,,,,,,,,,,,,,,,,,,,,,,,,,,,,,,,,,,,,Jozef Mikloško,,,,,,,,,,,,,,,,,,,,,,,,,,,,,,,,,,,,,,,,,,,,,,,,,,,,,,,,,,,,,,,,,,,,,,,,,,,,,,,,,,,,,
Q12037115,Mikuláš Huba (ekológ),,Mikuláš Huba,Mikuláš Huba (ekológ),Mikuláš Huba,Mikuláš Huba (ekológ),,male,Mikuláš,Mikuláš Huba (ekológ),,,,,,,1954-01-01,,,,,,,,,,,,,,,,https://upload.wikimedia.org/wikipedia/commons/a/ac/Huba.jpg,,84549577,,,,,mzk2003186088,,,,,,,,,,,,,,,,,,,,,,,,,,,,,,,,,,,,,,,,,,,,,,,,,,,,,,,,,,,,,,,,,,,,,,,,,,,,,,,,,,,,,,,,,,,,,,,,,,,,,,,,,,,,,,,,,,,,,,,,,,,,,,
Q1268168,Dušan Galis,,Dušan Galis,Dušan Galis,Dušan Galis,Dušan Galis,,male,Dušan,Dušan Galis,Dušan Galis,Dušan Galis,Душан Галис,Dušan Galis,Dušan Galis,Dušan Galis,1949-11-24,,Dušan Galis,Dušan Galis,Dušan Galis,,Dušan Galis,Dušan Galis,Dušan Galis,Dušan Galis,,,Dušan Galis,,"Галис, Душан",,,,84098263,,,,/m/0f4dg6,,دوشان غاليس,Dušan Galis,دوشان غاليس,Dušan Galis,Dušan Galis,,,,,,,,,,,,,,,,,,,,,,,,,,,,,,,,,,,,,,,,,,,,,,,,,,,,,,,,,,,,,,,,,,,,,,,,,,,,,,,,,,,,,,,,,,,,,,,,,,,,,,,,,,,,,,,,,,,,,,,,,
Q12762300,Andrej Hrnčiar,,,Andrej Hrnčiar,,Andrej Hrnčiar,,male,Andrej,Andrej Hrnčiar,Andrej Hrnčiar,Andrej Hrnčiar,Андрей Хрнчиар,Andrej Hrnčiar,Andrej Hrnčiar,Andrej Hrnčiar,1973-07-10,,,,,,,,,,,,,,,,,,,,,,,,,,,,,,,,,,,,,,,,,,,,,,,,,,,,,,,,,,,,,,,,,,,,,,,,,,,,,,,,,,,,,,,,,,,,,,,,,,,,,,,,,,,,,,,,,,,,,,,,,,,,,,,,,,,,,,,,,,,,,,,,,,,,,
Q12762723,Augustín Hambálek,,,Augustín Hambálek,,Augustín Hambálek,,male,,Augustín Hambálek,,,,,,,,,,,,,,,,,,,,,,,,,,,,,,,,,,,,,,,,,,,,,,,,,,,,,,,,,,,,,,,,,,,,,,,,,,,,,,,,,,,,,,,,,,,,,,,,,,,,,,,,,,,,,,,,,,,,,,,,,,,,,,,,,,,,,,,,,,,,,,,,,,,,,,,,,,,,
Q12763441,Branislav Ondruš,,,Branislav Ondruš,,Branislav Ondruš,,male,Branislav,Branislav Ondruš,,,,,,,1973-03-28,,,,,,,,,,,,,,,,https://upload.wikimedia.org/wikipedia/commons/f/f7/Branislav_Ondruš_(2011).jpg,,,,,,,,,,,,,,,,,,,,,,,,,,,,,,,,,,,,,,,,,,,,,,,,,,,,,,,,,,,,,,,,,,,,,,,,,,,,,,,,,,,,,,,,,,,,,,,,,,,,,,,,,,,,,,,,,,,,,,,,,,,,,,,,,,,,,
Q12765021,Dušan Bublavý,,,Dušan Bublavý,,Dušan Bublavý,,male,Dušan,Dušan Bublavý,,,,,,,,,,,,,,,,,,,,,,,,,,,,,,,,,,,,,,,,,,,,,,,,,,,,,,,,,,,,,,,,,,,,,,,,,,,,,,,,,,,,,,,,,,,,,,,,,,,,,,,,,,,,,,,,,,,,,,,,,,,,,,,,,,,,,,,,,,,,,,,,,,,,,,,,,,,,
Q12766210,Gabriel Csicsai,,,Gabriel Csicsai,,Gabriel Csicsai,,male,Gabriel,Gabriel Csicsai,,,,,,,,,,,,,,,,,,,,,,,,,,,,,,,,Gabriel Csicsai,,,,,,,,,,,,,,,,,,,,,,,,,,,,,,,,,,,,,,,,,,,,,,,,,,,,,,,,,,,,,,,,,,,,,,,,,,,,,,,,,,,,,,,,,,,,,,,,,,,,,,,,,,,,,,,,,,,,,,,,,,,,
Q12767389,Igor Federič,,Igor Federič,Igor Federič,Igor Federič,Igor Federič,,male,Igor,Igor Federič,,,,,,,1962-10-06,,,,,,,,,,,,,,,,,,,,,,,,,,,,,,,,,,,,,,,,,,,,,,,,,,,,,,,,,,,,,,,,,,,,,,,,,,,,,,,,,,,,,,,,,,,,,,,,,,,,,,,,,,,,,,,,,,,,,,,,,,,,,,,,,,,,,,,,,,,,,,,,,,,,,
Q12767684,Ivan Varga,,Ivan Varga,Ivan Varga,Ivan Varga (politik),Ivan Varga,,male,Ivan,Ivan Varga,,,,,,,1953-06-15,,,,,,,,,,,,,,,,,,84505122,,,,,,,,,,,,,,,,,,,,,,,,,,,,,,,,,,,,,,,,,,,,,,,,,,,,,,,,,,,,,,,,,,,,,,,,,,,,,,,,,,,,,,,,,,,,,,,,,,,,,,,,,,,,,,,,,,,,,,,,,,,,,,,,,,,
Q12767802,Jana Laššáková,,,Jana Laššáková,,Jana Laššáková,Jana Laššáková,female,Jana,Jana Laššáková,,,,,,,,,,,,,,,,,,,,,,,,,,,,,,,,,,,,,,,,,,,,,,,,,,,,,,,,,,,,,,,,,,,,,,,,,,,,,,,,,,,,,,,,,,,,,,,,,,,,,,,,,,,,,,,,,,,,,,,,,,,,,,,,,,,,,,,,,,,,,,,,,,,,,,,,,,,,
Q12768114,Jozef Burian,,,Jozef Burian,,Jozef Burian,,male,Jozef,Jozef Burian,,,,,,,,,,,,,,,,,,,,,,,,,,,,,,,,,,,,,Burian,,,,,,,,,,,,,,,,,,,,,,,,,,,,,,,,,,,,,,,,,,,,,,,,,,,,,,,,,,,,,,,,,,,,,,,,,,,,,,,,,,,,,,,,,,,,,,,,,,,,,,,,,,,,,,,,,,,,,,,
Q12768604,Ján Podmanický,,,Ján Podmanický,,Ján Podmanický,Ján Podmanický,male,Ján,Ján Podmanický,,,,,,,1977-05-17,,,,,,,,,,,,,,,,,,246117879,,,,,,,,,,,,,,,,,,,,,,,,,,,,,,,,,,,,,,,,,,,,,,,,,,,,,,,,,,,,,,,,,,,,,,,,,,,,,,,,,,,,,,,,,,,,,,,,,,,,,,,,,,,,,,,,,,,,,,,,,,,,,,,,,,,
Q12770236,Lea Grečková,,,Lea Grečková,,Lea Grečková,,female,,Lea Grečková,,,,,,,,,,,,,,,,,,,,,,,,,,,,,,,,,,,,,,,,,,,,,,,,,,,,,,,,,,,,,,,,,,,,,,,,,,,,,,,,,,,,,,,,,,,,,,,,,,,,,,,,,,,,,,,,,,,,,,,,,,,,,,,,,,,,,,,,,,,,,,,,,,,,,,,,,,,,
Q12770572,Lucia Nicholsonová,,,Lucia Nicholsonová,,Lucia Nicholsonová,,female,Lucia,Lucia Nicholsonová,,,,,,,,,,,,,,,,,,,,,,,,,,,,,,,,,,,,,,,,,,,,,,,,,,,,,,,,,,,,,,,,,,,,,,,,,,,,,,,,,,,,,,,,,,,,,,,,,,,,,,,,,,,,,,,,,,,,,,,,,,,,,,,,,,,,,,,,,,,,,,,,,,,,,,,,,,,,
Q12770727,Magda Košútová,,,Magda Košútová,,Magda Košútová,,female,Magda,Magda Košútová,,,,,,,,,,,,,,,,,,,,,,,,,,,,,,,,,,,,,,,,,,,,,,,,,,,,,,,,,,,,,,,,,,,,,,,,,,,,,,,,,,,,,,,,,,,,,,,,,,,,,,,,,,,,,,,,,,,,,,,,,,,,,,,,,,,,,,,,,,,,,,,,,,,,,,,,,,,,
Q12771096,Maroš Kondrót,,,Maroš Kondrót,,Maroš Kondrót,,male,Maroš,Maroš Kondrót,,,,,,,1960-11-06,,,,,,,,,,,,,,,,,,,,,,,,,,,,,,,,,,,,,,,,,,,,,,,,,,,,,,,,,,,,,,,,,,,,,,,,,,,,,,,,,,,,,,,,,,,,,,,,,,,,,,,,,,,,,,,,,,,,,,,,,,,,,,,,,,,,,,,,,,,,,,,,,,,,,
Q12771541,Michal Lukša,,,Michal Lukša,,Michal Lukša,,male,Michal,Michal Lukša,,,,,,,,,,,,,,,,,,,,,,,,,,,,,,,,,,,,,,,,,,,,,,,,,,,,,,,,,,,,,,,,,,,,,,,,,,,,,,,,,,,,,,,,,,,,,,,,,,,,,,,,,,,,,,,,,,,,,,,,,,,,,,,,,,,,,,,,,,,,,,,,,,,,,,,,,,,,
Q12771890,Mojmír Mamojka,,Mojmír Mamojka,Mojmír Mamojka,Mojmír Mamojka,Mojmír Mamojka,,male,,Mojmír Mamojka,,,,,,,1950-07-29,,,,,,,,,,,,,,,,,,12978034,,,,,,,,,,,,,,,,,,,,,,,,,,,,,,,,,,,,,,,,,,,,,,,,,,,,,,,,,,,,,,,,,,,,,,,,,,,,,,,,,,,,,,,,,,,,,,,,,,,,,,,,,,,,,,,,,,,,,,,,,,,,,,,,,,,
Q12775234,Renáta Zmajkovičová,,,Renáta Zmajkovičová,,Renáta Zmajkovičová,,female,Renáta,Renáta Zmajkovičová,,,,,,,,,,,,,,,,,,,,,,,,,,,,,,,,,,,,,,,,,,,,,,,,,,,,,,,,,,,,,,,,,,,,,,,,,,,,,,,,,,,,,,,,,,,,,,,,,,,,,,,,,,,,,,,,,,,,,,,,,,,,,,,,,,,,,,,,,,,,,,,,,,,,,,,,,,,,
Q12775297,Richard Vašečka,,,Richard Vašečka,,Richard Vašečka,,male,Richard,Richard Vašečka,,,,,,,,,,,,,,,,,,,,,,,,,,,,,,,,,,,,,,,,,,,,,,,,,,,,,,,,,,,,,,,,,,,,,,,,,,,,,,,,,,,,,,,,,,,,,,,,,,,,,,,,,,,,,,,,,,,,,,,,,,,,,,,,,,,,,,,,,,,,,,,,,,,,,,,,,,,,
Q12775672,Róbert Madej,,,Róbert Madej,,Róbert Madej,,male,Róbert,Róbert Madej,,,,,,,,,,,,,,,,,,,,,,,,,,,,,,,,,,,,,,,,,,,,,,,,,,,,,,,,,,,,,,,,,,,,,,,,,,,,,,,,,,,,,,,,,,,,,,,,,,,,,,,,,,,,,,,,,,,,,,,,,,,,,,,,,,,,,,,,,,,,,,,,,,,,,,,,,,,,
Q12778620,Vladimír Faič,,,Vladimír Faič,,Vladimír Faič,,male,Vladimir,Vladimír Faič,,,,,,,,,,,,,,,,,,,,,,,,,,,,,,,,,,,,,,,,,,,,,,,,,,,,,,,,,,,,,,,,,,,,,,,,,,,,,,,,,,,,,,,,,,,,,,,,,,,,,,,,,,,,,,,,,,,,,,,,,,,,,,,,,,,,,,,,,,,,,,,,,,,,,,,,,,,,
Q1314189,Ján Richter,,Ján Richter (politik),Ján Richter,Ján Richter (politik),Ján Richter,,male,Ján,Ján Richter,Ján Richter,Ján Richter,,,,,1956-10-05,,,Ján Richter,,,,,,,,,Ján Richter,,,,,,,,,,,,,,,Ján Richter,,,,,,,,,,,,,,,,,,,,,,,,,,,,,,,,,,,,,,,,,,,,,,,,,,,,,,,,,,,,,,,,,,,,,,,,,,,,,,,,,,,,,,,,,,,,,,,,,,,,,,,,,,,,,,,,,,,,,,,,,,
Q13374407,Alojz Hlina,Alojz Hlina,Alojz Hlina,Alojz Hlina,Alojz Hlina,Alojz Hlina,Alojz Hlina,male,Alojz,Alojz Hlina,,,,,,,,,,,,,,,,,,,,,,,,,,,,,,,,,,,,,,,,,,,,,,,,,,,,,,,,,,,,,,,,,,,,,,,,,,,,,,,,,,,,,,,,,,,,,,,,,,,,,,,,,,,,,,,,,,,,,,,,,,,,,,,,,,,,,,,,,,,,,,,,,,,,,,,,,,,,
Q13375711,Arpád Érsék,,,Arpád Érsék,,Árpád Érsek,,male,,Árpád Érsek,,,,,,,,,,Arpád Érsék,,,,,,,,,,,,,,,,,,,,,,,,,,,,,,,,,,,,,,,,,,,,,,,,,,,,,,,,,,,,,,,,,,,,,,,,,,,,,,,,,,,,,,,,,,,,,,,,,,,,,,,,,,,,,,,,,,,,,,,,,,,,,,,,,,,,,,,,,,,,,,,,,,
Q13407289,Dušan Muňko,,,Dušan Muňko,,Dušan Muňko,,male,Dušan,Dušan Muňko,,,,,,,,,,,,,,,,,,,,,,,,,,,,,,,,,,,,,,,,,,,,,,,,,,,,,,,,,,,,,,,,,,,,,,,,,,,,,,,,,,,,,,,,,,,,,,,,,,,,,,,,,,,,,,,,,,,,,,,,,,,,,,,,,,,,,,,,,,,,,,,,,,,,,,,,,,,,
Q13419397,Igor Hraško,,,Igor Hraško,,Igor Hraško,,male,Igor,Igor Hraško,,,,,,,,,,,,,,,,,,,,,,,,,,,,,,,,,,,,,,,,,,,,,,,,,,,,,,,,,,,,,,,,,,,,,,,,,,,,,,,,,,,,,,,,,,,,,,,,,,,,,,,,,,,,,,,,,,,,,,,,,,,,,,,,,,,,,,,,,,,,,,,,,,,,,,,,,,,,
Q13441104,Marian Záhumenský,,,Marian Záhumenský,,Marian Záhumenský,,male,Marian,Marián Záhumenský,Marian Záhumenský,Marian Záhumenský,,,,,,,,Marian Záhumenský,,,,,,,,,,,,,,,,,,,,,,,,,,,,,,,,,,,,,,,,,,,,,,,,,,,,,,,,,,,,,,,,,,,,,,,,,,,,,,,,,,,,,,,,,,,,,,,,,,,,,,,,,,,,,,,,,,,,,,,,,,,,,,,,,,,,,,,,,,,,,,,,,,
Q13450383,Miroslav Číž,,,Miroslav Číž,,Miroslav Číž,,male,Miroslav,Miroslav Číž,,,,,,,,,,,,,,,,,,,,,,,,,,,,,,,,,,,,,,,,,,,,,,,,,,,,,,,,,,,,,,,,,,,,,,,,,,,,,,,,,,,,,,,,,,,,,,,,,,,,,,,,,,,,,,,,,,,,,,,,,,,,,,,,,,,,,,,,,,,,,,,,,,,,,,,,,,,,
Q13538232,Peter Pollák,,,Peter Pollák,,Peter Pollák,,male,Peter,Peter Pollák,,,,,,,1973-04-20,,,,,,,,,,,,,,,,,,,,,,,,,,,,,,,,,,,,,,,,,,,,,,,,,,,,,,,,,,,,,,,,,,,,,,,,,,,,,,,,,,,,,,,,,,,,,,,,,,,,,,,,,,,,,,,,,,,,,,,,,,,,,,,,,,,,,,,,,,,,,,,,,,,,,
Q1374505,Pavol Paška,,Pavol Paška,Pavol Paška,Pavol Paška,Pavol Paška,,male,Pavol,Pavol Paška,Pavol Paška,Pavol Paška,"Пашка, Павол",Pavol Paška,Pavol Paška,Pavol Paška,1958-02-23,,,Pavol Paška,Pavol Paška,,,,,,,,Pavol Paška,,"Пашка, Павол",,https://upload.wikimedia.org/wikipedia/commons/f/f8/Pavol_Paska.jpg,,84780220,,,,/m/03c9278,,,,,,,,,,,,Pavol Paška,Павол Пашка,,,,,,Pavol Paška,,,,,Павол Пашка,,,,,,,Pavol Paška,,,,,,,,,,,,,,Pavol Paška,,,,,,,,,,,,,,,,,,,,,,,,,,,,,,,,,,,,,,,,,,,,,,,,,,,,,,,,,,,,,,,,,,,,,,,,,,,,,,,,,,
Q14923362,Helena Mezenská,,,Helena Mezenská,,Helena Mezenská,,female,Helena,Helena Mezenská,,,,Helena Mezenská,,Helena Mezenská,,,,,,,,,,,,,,,,,,,,,,,,,,,,,,,,,,,,,,,,,,,,,,,,,,,,,,,,,,,,,,,,,,,,,,,,,,,,,,,,,,,,,,,,,,,,,,,,,,,,,,,,,,,,,,,,,,,,,,,,,,,,,,,,,,,,,,,,,,,,,,,,,,,,,,
Q1502209,Robert Kaliňák,,Robert Kaliňák,Robert Kaliňák,Robert Kaliňák,Robert Kaliňák,Robert Kaliňák,male,Robert,Robert Kaliňák,Robert Kaliňák,Robert Kaliňák,,Robert Kaliňák,Robert Kaliňák,Robert Kaliňák,1971-05-11,,,Robert Kaliňák,Robert Kaliňák,,,,,,,,Robert Kaliňák,,,,https://upload.wikimedia.org/wikipedia/commons/d/dd/Robert_Kaliňák_2010_(2).jpg,,,,,,/m/03whpsm,,,,,Robert Kaliňák,,,,,,,,,,,,,,,,,,,,,,,,,,,,,,Роберт Калиняк,,,,,,,,,,,,,,,,,,,,Роберт Калиняк,,,,,,,,,,,,,,,,,,,,,,,,,,,,,,,,,,,,,,,,,,,,,,,,,,,,,,,,,,,,,,,,,,,,,,,,
Q15534108,Jaroslav Demian,,,Jaroslav Demian,,Jaroslav Demian,,male,Jaroslav,Jaroslav Demian,,,,,,,,,,,,,,,,,,,,,,,,,,,,,,,,,,,,,,,,,,,,,,,,,,,,,,,,,,,,,,,,,,,,,,,,,,,,,,,,,,,,,,,,,,,,,,,,,,,,,,,,,,,,,,,,,,,,,,,,,,,,,,,,,,,,,,,,,,,,,,,,,,,,,,,,,,,,
Q15905751,Martin Chren,,,Martin Chren,,Martin Chren,,male,Martin,Martin Chren,Martin Chren,,,,,,1981-03-17,,Martin Chren,,,,,,,,,,,,,,,,,,,,,,,Martin Chren,,,,,,,,Martin Chren,,,,,,,,,,,,,,,Martin Chren,,,,,,,,,,,,,,,,,,,,,,,,,,,,,,,,,,,,,,,,,,,,,,,,,,,,,,,,,,,,,,,,,,,,,,,,,,,,,,,,,,,,,,,,,,,,,,,,,,,,,
Q1675587,Ivan Mikloš,,Ivan Mikloš,Ivan Mikloš,Ivan Mikloš,Ivan Mikloš,Ivan Mikloš,male,Ivan,Ivan Mikloš,Ivan Mikloš,Ivan Mikloš,,Ivan Mikloš,Ivan Mikloš,Ivan Mikloš,1960-06-02,,Ivan Mikloš,Ivan Mikloš,Ivan Mikloš,,,,,,,,Ivan Mikloš,,,,https://upload.wikimedia.org/wikipedia/commons/0/03/Ivan_Mikloš.jpg,0000 0001 1449 8987,84082457,143551264,,153117389,/m/02x85tc,,,,,Ivan Mikloš,,,,,,,,Іван Міклош,,,,,,,,,,,Іван Міклош,,,,,,,,,,,Іван Міклош,,,,,,,,,,,,,,,,,,,,Іван Міклош,,,,,,,,,,,,,,,,,,,,,,,,,,,,,,,,,,,,,,,,,,,,,,,,,,,,,,,,,,,,,,,,,,,,,,,,
Q17315719,Branislav Škripek,,,Branislav Škripek,,Branislav Škripek,,male,Branislaw,Branislav Škripek,Branislav Škripek,Branislaw Škripek,,Branislav Škripek,,Branislav Škripek,1970-08-30,,,Branislav Škripek,,,,,,,,,Branislaw Škripek,,,,,,,,,,,,,,,Branislav Škripek,,,,,,,,,,,,,,,,,,,,124927,,,,,,,,,,,,,,,,,,,,,,,,,,,,,,,,,,,,,,,,,,,,,,,,,,,,,,,,,,,,,,,,,,,,,,,,,,,,,,,,,,,,,,,,,,,,,,,,,,,,,,
Q17330556,Peter Pellegrini,,Peter Pellegrini,Peter Pellegrini,Peter Pellegrini,Peter Pellegrini,,male,Peter,Peter Pellegrini,Peter Pellegrini,Peter Pellegrini,,Peter Pellegrini,Peter Pellegrini,Peter Pellegrini,1975-10-06,,,Peter Pellegrini,,,,,,,,,,,,,https://upload.wikimedia.org/wikipedia/commons/6/64/Peter_Pellegrini_-_2015.jpg,,,,,,,,,,,Peter Pellegrini,,,,,,,,,,,,,,,,,,,,,,,,,,,,,,,,,,,,,,,,,,,,,,,,,,,,,,,,,,,,,,,,,,,,,,,,,,,,,,,,,,,,,,,,,,,,,,,,,,,,,,,,,,,,,,,,,,,,,,,,,,
Q17413013,Štefan Kuffa,,Štefan Kuffa,Štefan Kuffa,Štefan Kuffa,Štefan Kuffa,,male,Štefan,Štefan Kuffa,Štefan Kuffa,Štefan Kuffa,,,,,1961-01-01,,,,,,,,,,,,,,,,,,,,,,,,,,,,,,,,,,,,,,,,,,,,,,,,,,,,,,,,,,,,,,,,,,,,,,,,,,,,,,,,,,,,,,,,,,,,,,,,,,,,,,,,,,,,,,,,,,,,,,,,,,,,,,,,,,,,,,,,,,,,,,,,,,,,,
Q17416468,Pavol Pavlis,,,Pavol Pavlis,,Pavol Pavlis,,male,Pavol,Pavol Pavlis,Pavol Pavlis,,,,,,1961-01-12,,,Pavol Pavlis,,,,,,,,,,,,,,,,,,,,,,,,Pavol Pavlis,,,,,,,,,,,,,,,,,,,,,,,,,,,,,,,,,,,,,,,,,,,,,,,,,,,,,,,,,,,,,,,,,,,,,,,,,,,,,,,,,,,,,,,,,,,,,,,,,,,,,,,,,,,,,,,,,,,,,,,,,,
Q18341552,Jozef Kollár (politik),,,Jozef Kollár (politik),,Jozef Kollár (politik),,male,Jozef,Jozef Kollár (politik),,,,Jozef Kollár,,Jozef Kollár,,,,,,,,,,,,,,,,,,,,,,,,,,,,,,,,,,,,,,,,,,,,,,,,,,,,,,,,,,,,,,,,,,,,,,,,,,,,,,,,,,,,,,,,,,,,,,,,,,,,,,,,,,,,,,,,,,,,,,,,,,,,,,,,,,,,,,,,,,,,,,,,,,,,,,
Q1894613,Marek Maďarič,,Marek Maďarič,Marek Maďarič,Marek Maďarič,Marek Maďarič,Marek Maďarič,male,Marek,Marek Maďarič,Marek Maďarič,Marek Maďarič,,Marek Maďarič,Marek Maďarič,Marek Maďarič,1967-11-20,,,Marek Maďarič,,,,,,,,,Marek Maďarič,,,,,,,,,,/m/0pb3yqb,,,Marek Maďarič,,Marek Maďarič,,,,,,,,,,,,,,,,,,,,,,,,,,,,,,,,,,,,,,,,,,,,,,,,,,,,,,,,,,,,,,,,,,,,,,,,,,,,,,,,,,,,,,,,,,,,,,,,,,,,,,,,,,,,,,,,,,,,,,,,,,
Q1903861,Martin Glváč,,Martin Glváč,Martin Glváč,Martin Glváč,Martin Glváč,,male,Martin,Martin Glváč,Martin Glváč,Martin Glváč,,Martin Glváč,Martin Glváč,Martin Glváč,1967-11-20,,,Martin Glváč,Martin Glváč,,,,,,,,Martin Glváč,,,,,,,,,,/m/0p8ssv_,,,,,Martin Glváč,,,,,,,,,,,,,,,,,,,,,,,,,,,,,,,,,,,,,,,,,,,,,,,,,,,,,,,,,,,,,,,,,,,,,,,,,,,,,,,,,,,,,,,,,,,,,,,,,,,,,,,,,,,,,,,,,,,,,,,,,,
Q212765,Mikuláš Dzurinda,,Mikuláš Dzurinda,Mikuláš Dzurinda,Mikuláš Dzurinda,Mikuláš Dzurinda,Mikuláš Dzurinda,male,Mikuláš,Mikuláš Dzurinda,Mikuláš Dzurinda,Mikuláš Dzurinda,"Дзуринда, Микулаш",Mikuláš Dzurinda,Mikuláš Dzurinda,Mikuláš Dzurinda,1955-02-04,Mikuláš Dzurinda,Mikuláš Dzurinda,Mikuláš Dzurinda,Mikuláš Dzurinda,Мікулаш Дзурында,Mikuláš Dzurinda,Mikuláš Dzurinda,Mikuláš Dzurinda,Mikuláš Dzurinda,Мікулаш Дзурында,,Mikuláš Dzurinda,Mikuláš Dzurinda,"Дзуринда, Микулаш",,https://upload.wikimedia.org/wikipedia/commons/5/56/DzurindaMik2.jpg,0000 0000 7852 7639,3412352,124699707,no2003006377,,/m/022lhw,,ميكولاش دزوريندا,Mikuláš Dzurinda,ميكولاش دزوريندا,Mikuláš Dzurinda,Mikuláš Dzurinda,16196464t,,Мікулаш Дзурында,,,Mikuláš Dzurinda,Мікулаш Дзурінда,,Мікулаш Дзурында,,,Mikuláš Dzurinda,Mikuláš Dzurinda,,,Mikuláš Dzurinda,Mikuláš Dzurinda,Мікулаш Дзурінда,,,미쿨라시 주린다,Mikuláš Dzurinda,Mikulāšs Dzurinda,Mikuláš Dzurinda,Mikuláš Dzurinda,ミクラーシュ・ズリンダ,Mikuláš Dzurinda,Mikuláš Dzurinda,Микулаш Дзурінда,Mikuláš Dzurinda,Микулаш Дзуринда,Микулаш Дзуринда,მიკულაშ ძურინდა,Mikuláš Dzurinda,Микулаш Дзуринда,Mikuláš Dzurinda,Mikuláš Dzurinda,Mikuláš Dzurinda,Mikuláš Dzurinda,Mikuláš Dzurinda,ミクラーシュ・ズリンダ,მიკულაშ ძურინდა,미쿨라시 주린다,Mikulāšs Dzurinda,Mikuláš Dzurinda,Mikuláš Dzurinda,Mikuláš Dzurinda,Mikuláš Dzurinda,Микулаш Дзурінда,Микулаш Дзуринда,Mikuláš Dzurinda,http://www.vlada.gov.sk/dzurinda_en/,,,,,,,,,,,,,,,,,,,,,,,,,,,,,,,,,,,,,,,,,,,,,,,,,,,,,,,,,,,,,,,,,,,,,
Q2650392,Igor Choma,,,Igor Choma,,Igor Choma,,male,Igor,Igor Choma,,,,,,,1964-01-28,Igor Choma,,,,,,,,,,,,Igor Choma,,,,,,,,,,,,,,,,,,,,,,,,,,,,,,,,,,,,,,,,,,,,,,,,,,,,,,,,,,,,,,,,,,,,,,,,,,,,,,,,,,,,,,,,,,,,,,,,,,,,,,,,,,,,,,,,,,,,,,,,,,,,,,,,,,,,,,,,
Q283359,Béla Bugár,,Béla Bugár,Béla Bugár,Béla Bugár,Béla Bugár,Béla Bugár,male,Béla,Béla Bugár,Béla Bugár,Béla Bugár,Бела Бугар,Béla Bugár,Béla Bugár,Béla Bugár,1958-07-07,Bugár Béla,Béla Bugár,Béla Bugár,Béla Bugár,Бэла Бугар,Béla Bugár,Béla Bugár,Béla Bugár,Béla Bugár,Бэла Бугар,Category:Béla Bugár,Béla Bugár,Bugár Béla (politikus),"Бугар, Бела",貝拉·布加爾,https://upload.wikimedia.org/wikipedia/commons/8/87/Béla_Bugár.jpg,0000 0001 1472 4307,50337394,130558281,n2005003490,086856561,/m/0bkjlk,jo2004213409,,,,,,,,,,,,,,,,,,,,,,,,,,,,,,,,,,,,,,,,,,,,,,,,,,,,,,,,,,,,,,,,,,,,,,,,,,,,,,,,,,,,,,,,,,,,,,,,,,,,,,,,,,,,,,,,,,,,,,,,,,,,,,
Q3014377,Daniel Lipšic,,Daniel Lipšic,Daniel Lipšic,Daniel Lipšic,Daniel Lipšic,Daniel Lipšic,male,Daniel,Daniel Lipšic,Daniel Lipšic,Daniel Lipšic,,Daniel Lipšic,Daniel Lipšic,Daniel Lipšic,1973-07-08,,,Daniel Lipšic,Daniel Lipšic,,,,,,,,,,,,https://upload.wikimedia.org/wikipedia/commons/3/3e/Hryschenko-Lipšic_cropped.png,,84240888,,,175099030,/m/02p_nms,,,,,Daniel Lipšic,,,,,,,,,,,,,,,,,,,,,,,,,,,,,,,,,,,,,,,,,,,,,,,,,,,,,,,,,,,,,,,,,,,,,,,,,,,,,,,,,,,,,,,,,,,,,,,,,,,,,,,,,,,,,,,,,,,,,,,,,,
Q3090968,Martin Fedor,,Martin Fedor,Martin Fedor,Martin Fedor,Martin Fedor,,male,Martin,Martin Fedor,Martin Fedor,Martin Fedor,,Martin Fedor,Martin Fedor,Martin Fedor,1974-03-04,,Martin Fedor,Martin Fedor,Martin Fedor,,,,,,,,,,,,,,300413330,,,,/m/02x8df5,,,,,Martin Fedor,,,,,,,,,,,,,,,,,,,,,,,,,,,,,,,,,,,,,,,,,,,,,,,,,,,,,,,,,,,,,,,,,,,,,,,,,,,,,,,,,,,,,,,,,,,,,,,,,,,,,,,,,,,,,,,,,,,,,,,,,,
Q3090972,Lucia Žitňanská,,Lucia Žitňanská,Lucia Žitňanská,Lucia Žitňanská,Lucia Žitňanská,,female,Lucia,Lucia Žitňanská,Lucia Žitňanská,Lucia Žitňanská,,Lucia Žitňanská,Lucia Žitňanská,Lucia Žitňanská,1964-07-03,,,Lucia Žitňanská,Lucia Žitňanská,,,,,,,,,,,,https://upload.wikimedia.org/wikipedia/commons/2/29/Lucia_Zitnanska.jpg,,125731153,,,154124354,/m/02z0g3g,,,,,Lucia Žitňanská,,,,,,,,,,,,,,,,,,,,,,,,,,,,,,,,,,,,,,,,,,,,,,,,,,,,,,,,,,,,,,,,,,,,,,,,,,,,,,,,,,,,,,,,,,,,,,,,,,,,,,,,,,,,,,,,,,,,,,,,,,
Q3090990,Ľudovít Kaník,,Ľudovít Kaník,Ľudovít Kaník,Ľudovít Kaník,Ľudovít Kaník,,male,,Ľudovít Kaník,Ľudovít Kaník,,,Ľudovít Kaník,Ľudovít Kaník,Ľudovít Kaník,1965-09-01,,,Ľudovít Kaník,,,,,,,,,,,,,,,84239704,,,,/m/0ch3z47,,,,,Ľudovít Kaník,,,,,,,,,,,,,,,,,,,,,,,,,,,,,,,,,,,,,,,,,,,,,,,,,,,,,,,,,,,,,,,,,,,,,,,,,,,,,,,,,,,,,,,,,,,,,,,,,,,,,,,,,,,,,,,,,,,,,,,,,,
Q3090991,Martin Fronc,,Martin Fronc,Martin Fronc,Martin Fronc,Martin Fronc,,male,Martin,Martin Fronc,Martin Fronc,Martin Fronc,,Martin Fronc,Martin Fronc,Martin Fronc,1947-11-28,,Martin Fronc,Martin Fronc,Martin Fronc,,,,,,,,,,,,,,84342753,,,,/m/02z2rzg,,,,,Martin Fronc,,,,,,,,,,,,,,,,,,,,,,,,,,,,,,,,,,,,,,,,,,,,,,,,,,,,,,,,,,,,,,,,,,,,,,,,,,,,,,,,,,,,,,,,,,,,,,,,,,,,,,,,,,,,,,,,,,,,,,,,,,
Q3133564,Jozef Mihál,,Jozef Mihál,Jozef Mihál,Jozef Mihál,Jozef Mihál,,male,Jozef,Jozef Mihál,Jozef Mihál,Jozef Mihál,,Jozef Mihál,Jozef Mihál,Jozef Mihál,1965-03-18,,Jozef Mihál,Jozef Mihál,Jozef Mihál,,,,,,,,,,,,,,122341806,,,,/m/0g5r0nf,,,,,Jozef Mihál,,,,,,,,,,,,,,,,,,,,,,,,,,,,,,,,,,,,,,,,,,,,,,,,,,,,,,,,,,,,,,,,,,,,,,,,,,,,,,,,,,,,,,,,,,,,,,,,,,,,,,,,,,,,,,,,,,,,,,,,,,
Q3190144,Juraj Miškov,,Juraj Miškov,Juraj Miškov,Juraj Miškov,Juraj Miškov,,male,Juraj,Juraj Miškov,Juraj Miškov,,,Juraj Miškov,,Juraj Miškov,1973-04-15,,,Juraj Miškov,,,,,,,,,,,,,,,,,,,,,,,,Juraj Miškov,,,,,,,,,,,,,,,,,,,,,,,,,,,,,,,,,,,,,,,,,,,,,,,,,,,,,,,,,,,,,,,,,,,,,,,,,,,,,,,,,,,,,,,,,,,,,,,,,,,,,,,,,,,,,,,,,,,,,,,,,,
Q3431152,Richard Raši,,Richard Raši,Richard Raši,Richard Raši,Richard Raši,,male,Richard,Richard Raši,Richard Raši,Richard Raši,,Richard Raši,Richard Raši,Richard Raši,1971-04-02,,,Richard Raši,Richard Raši,,Richard Raši,Richard Raši,Richard Raši,Richard Raši,,,,,,,,,90623159,,,,/m/0wxn83s,,,,,Richard Raši,,,,,,,,,,,,,,,,,,,,,,,Richard Raši,,,,,,,,,,,,,,,,,,,,,,,,,,,,,,,,,,,,,,,,,,,,,,,,,,,,,,,,,,,,,,,,,,,,,,,,,,,,,,,,,,,,,,,,,,,,Рихард Раши,,,,,,,
Q344710,Ľubomír Galko,,Ľubomír Galko,Ľubomír Galko,Ľubomír Galko,Ľubomír Galko,,male,,Ľubomír Galko,Ľubomír Galko,Ľubomír Galko,,Ľubomír Galko,Ľubomír Galko,Ľubomír Galko,1968-02-14,Ľubomír Galko,Ľubomír Galko,Ľubomír Galko,Ľubomír Galko,,,,,,,,Ľubomír Galko,Ľubomír Galko,,,https://upload.wikimedia.org/wikipedia/commons/a/a4/Ľubomír_Galko.jpg,,,,,,/m/0hn8bcd,,,,,Ľubomír Galko,,,,,,,,,,,,,,,,,,,,,,,,,,,,,,,,,,,,,,,,,,,,,,,,,,,,,,,,,,,,,,,,,,,,,,,,,,,,,,,,,,,,,,,,,,,,,,,,,,,,,,,,,,,,,,,,,,,,,,,,,,
Q344731,Ľubomír Jahnátek,,Ľubomír Jahnátek,Ľubomír Jahnátek,Ľubomír Jahnátek,Ľubomír Jahnátek,Ľubomír Jahnátek,male,,Ľubomír Jahnátek,Ľubomír Jahnátek,Ľubomír Jahnátek,,Ľubomír Jahnátek,Ľubomír Jahnátek,,1954-09-16,,Ľubomír Jahnátek,Ľubomír Jahnátek,,,,,,,,,Ľubomír Jahnátek,,,,,,84648696,,,,/m/0pb67yy,,,,,Ľubomír Jahnátek,,,,,,,,,,,,,Ľubomír Jahnátek,,,,,,,,,,,,,,,,,,,,,,,,,,,,,,,,,,,,,,,,,,,,,,,,,,,,,,,,,,,,,,,,,,,,,,,,,,,,,,,,,,,,,,,,,,,,,,,,,,,,,,,,,,,,,
Q345001,Ľubomír Vážny,,Ľubomír Vážny,Ľubomír Vážny,Ľubomír Vážny,Ľubomír Vážny,Ľubomír Vážny,male,,Ľubomír Vážny,,Ľubomír Vážny,,Ľubomír Vážny,,Ľubomír Vážny,1957-07-15,,,,,,,,,,,,Ľubomír Vážny,,,,,,,,,,,,,,,,,,,,,,,,,,,,,,,,,,,,,,,,,,,,,,,,,,,,,,,,,,,,,,,,,,,,,,,,,,,,,,,,,,,,,,,,,,,,,,,,,,,,,,,,,,,,,,,,,,,,,,,,,,,,,,,,,,,,,,,,,
Q3492988,Július Brocka,,Július Brocka,Július Brocka,Július Brocka,Július Brocka,,male,Július,Július Brocka,Július Brocka,Július Brocka,,Július Brocka,,Július Brocka,1957-01-01,,,,,,,,,,,,,,,,,,127146132,,,,,,,,,,,,,,,,,,,,,,,,,,,,,26835,,,,,,,,,,,,,,,,,,,,,,,,,,,,,,,,,,,,,,,,,,,,,,,,,,,,,,,,,,,,,,,,,,,,,,,,,,,,,,,,,,,,,,,,,,,,,,,,,,,,,,
Q3495028,Pavol Frešo,,Pavol Frešo,Pavol Frešo,Pavol Frešo,Pavol Frešo,,male,Pavol,Pavol Frešo,Pavol Frešo,Pavol Frešo,,Pavol Frešo,Pavol Frešo,Pavol Frešo,1969-04-21,,,,Pavol Frešo,,,,,,,,,,,,,,,,,,/m/0k0vm7t,,,,,,,,,,,,,,,,,,,,,,,,,,,,,,,,,,,,,,,,,,,,,,,,,,,,,,,,,,,,,,,,,,,,,,,,,,,,,,,,,,,,,,,,,,,,,,,,,,,,,,,,,,,,,,,,,,,,,,,,,,,,,,,
Q3507463,Pavol Abrhan,,Pavol Abrhan,Pavol Abrhan,Pavol Abrhan,Pavol Abrhan,,male,Pavol,Pavol Abrhan,,,,Pavol Abrhan,,Pavol Abrhan,1957-07-25,,,,,,,,,,,,,,,,,,,,,,,,,,,,,,,,,,,,,,,,,,,,,,,,,,,,,,,,,,,,,,,,,,,,,,,,,,,,,,,,,,,,,,,,,,,,,,,,,,,,,,,,,,,,,,,,,,,,,,,,,,,,,,,,,,,,,,,,,,,,,,,,,,,,,
Q356253,Ján Figeľ,Ján Figeľ,Ján Figeľ,Ján Figeľ,Ján Figeľ,Ján Figeľ,Ján Figeľ,male,Ján,Ján Figeľ,Ján Figeľ,Ján Figeľ,Ян Фигель,Ján Figeľ,Ján Figeľ,Ján Figeľ,1960-01-20,,Ján Figeľ,Ján Figeľ,Ján Figeľ,,Ján Figeľ,Ján Figeľ,Ján Figeľ,Ján Figeľ,,,Ján Figeľ,,"Фигель, Ян",揚·費格爾,https://upload.wikimedia.org/wikipedia/commons/a/ad/Ján_Figel.jpg,,84612668,,,136825354,/m/052yvl,,,Ján Figeľ,,Ján Figeľ,Ján Figeľ,,,Ян Фігель,ז'אן פיגל,Ján Figel',Ján Figeľ,Ян Фіґель,Ján Figeľ,Ян Фігель,Ján Figel',Ján Figeľ,Ján Figeľ,Ján Figeľ,Ján Figeľ,ז'אן פיגל,Ján Figeľ,Ján Figeľ,Ян Фігель,,,,,,,,,,,,,,,,,,,,,,,,,,,,,,,,,,,,,,,,,,,,,,,,,,,,,,,,,,,,,,,,,,,,,,,,,,,,,,,,,,,,,,,,,,,,,,,,,,,,,,,
Q376787,Magda Vášáryová,,Magda Vášáryová,Magda Vášáryová,Magda Vášáryová,Magda Vášáryová,,female,Magda,Magdaléna Vášáryová,Magdaléna Vášáryová,Magda Vášáryová,Магда Вашариова,Magda Vášáryová,Magdaléna Vášáryová,Magda Vášáryová,1948-08-26,,Magdaléna Vášáryová,Magdaléna Vášáryová,Magdaléna Vášáryová,Магда Вашар’ява,,,,,Магда Вашар’ява,,Magda Vášáryová,,"Вашариова, Магда",,https://upload.wikimedia.org/wikipedia/commons/6/68/Magda_Vášáryová_(oktober_2011)_1.jpg,0000 0001 0960 1193,24221008,13474845X,no98091774,142603384,/m/0chfy_,jn19992001402,,Magdaléna Vášáryová,,Magda Vášáryová,Magdaléna Vášáryová,142373068,,,,,Magda Vášáryová,,,,,,,Magda Vášáryová,,,,,,,,,,,,,,,,,,,,,,,Magda Vášáryová,,,,,,,,,,,,,,,,,,,,,,,,,,,,,,,,,,,,,,,,,,,,,,,,,,,,,,,,,,,,,,,,,,,,,,,,,,,,,,,Magda Vášáryová,Magdaléna Vášáryová,Magdaléna Vášáryová,Magdaléna Vášáryová,nm0890330,8259,p230041
Q4177290,Jaroslav Baška,,Jaroslav Baška,Jaroslav Baška,Jaroslav Baška,Jaroslav Baška,,male,Jaroslav,Jaroslav Baška,,,,Jaroslav Baška,,Jaroslav Baška,1975-04-05,,,,,,,,,,,,,,,,,,,,,,,,,,,,,,,,,,,,,,,,,,,,,,,,,,,,,,,,,,,,,,,,,,,,,,,,,,,,,,,,,,,,,,,,,,,,,,,,,,,,,,,,,,,,,,,,,,,,,,,,,,,,,,,,,,,,,,,,,,,,,,,,,,,,,
Q433571,Viera Tomanová,,Viera Tomanová,Viera Tomanová,Viera Tomanová,Viera Tomanová,Viera Tomanová,female,Viera,Viera Tomanová,Viera Tomanová,Viera Tomanová,,,Viera Tomanová,,1948-02-05,,Viera Tomanová,,Viera Tomanová,,,,,,,,Viera Tomanová,,,,,,120096683,,,,/m/03wgl_8,,,,,,,,,,,,,,,,,,,,,,,,,,,,,,,,,,,,,,,,,,,,,,,,,,,,,,,,,,,,,,,,,,,,,,,,,,,,,,,,,,,,,,,,,,,,,,,,,,,,,,,,,,,,,,,,,,,,,,,,,,,,,,,
Q546561,Jozef Mikuš,,,Jozef Mikuš,,Jozef Mikuš,,male,Jozef,Jozef Mikuš,,,,Jozef Mikuš,,Jozef Mikuš,,,,,,,,,,,,,,,,,,,,,,,,,,,,,,,,,,,,,,,,,,,,,,,,,,,,,,,,,,,,,,,,,,,,,,,,,,,,,,,,,,,,,,,,,,,,,,,,,,,,,,,,,,,,,,,,,,,,,,,,,,,,,,,,,,,,,,,,,,,,,,,,,,,,,,
Q552534,Peter Kažimír,,Peter Kažimír,Peter Kažimír,Peter Kažimír,Peter Kažimír,,male,Peter,Peter Kažimír,Peter Kažimír,Peter Kažimír,,Peter Kažimír,Peter Kažimír,Peter Kažimír,1968-06-28,Peter Kažimír,,Peter Kažimír,,,,,,,,,Peter Kažimír,Peter Kažimír,,,,,,,,,/m/0t553wg,,,,,Peter Kažimír,,,,,,,,,,,,,,,,,,,,,,,,,,,,,,,,,,,,,,,,,,,,,,,,,,,,,,,,,,,,,,,,,,,,,,,,,,,,,,,,,,,,,,,,,,,,,,,,,,,,,,,,,,,,,,,,,,,,,,,,,,
Q552706,Igor Matovič,,,Igor Matovič,,Igor Matovič,,male,Igor,Igor Matovič,Igor Matovič,Igor Matovič,,Igor Matovič,Igor Matovič,Igor Matovič,1973-05-11,,,Igor Matovič,Igor Matovič,,,,,,,,Igor Matovič,,,,https://upload.wikimedia.org/wikipedia/commons/b/bf/Igor_Matovič.jpg,,,,,,,,,,,,,,,,,,,,,,,,,,,,,,,,,,,,,,,,,,,,,,,,,,,,,,,,,,,,,,,,,,,,,,,,,,,,,,,,,,,,,,,,,,,,,,,,,,,,,,,,,,,,,,,,,,,,,,,,,,,,,,,,,,,,,
Q57606,Robert Fico,Robert Fico,Robert Fico,Robert Fico,Robert Fico,Robert Fico,Robert Fico,male,Robert,Robert Fico,Robert Fico,Robert Fico,"Фицо, Роберт",Robert Fico,Robert Fico,Robert Fico,1964-09-15,Robert Fico,Robert Fico,Robert Fico,Robert Fico,Робэрт Фіца,Robert Fico,Robert Fico,Robert Fico,Robert Fico,Робэрт Фіца,Category:Robert Fico,Robert Fico,Robert Fico,"Фицо, Роберт",罗伯特·菲乔,https://upload.wikimedia.org/wikipedia/commons/4/49/Robert_Fico_crop.jpg,0000 0001 0967 6494,43561737,,n96011805,,/m/0bkjs4,,روبرت فيتسو,Robert Fico,روبرت فيتسو,Robert Fico,Robert Fico,,,Роберт Фіца,רוברט פיצו,Robert Fico,Robert Fico,Роберт Фіцо,,Роберт Фіца,Robert Fico,Robert Fico,Robert Fico,Robert Fico,,רוברט פיצו,Robert Fico,Robert Fico,Роберт Фіцо,23869,,로베르트 피초,Robert Fico,,,Robert Fico,ロベルト・フィツォ,Robert Fico,Robert Fico,,Robert Fico,Роберт Фицо,Роберт Фицо,რობერტ ფიცო,Robert Fico,Роберт Фицо,Robert Fico,,Robert Fico,Robert Fico,Robert Fico,ロベルト・フィツォ,რობერტ ფიცო,로베르트 피초,,Robert Fico,Robert Fico,Robert Fico,Robert Fico,,Роберт Фицо,Robert Fico,,Robert Fico,罗伯特·菲乔,இராபர்ட் பிகோ,Robert Fico,Robert Fico,Robert Fico,Ρόμπερτ Φίτσο,रॉबर्ट फायको,Robert Fico,Robert Fico,Robert Fico,رابرت فیکو,Robert Fico,Роберт Фицо,Robertus Fico,Robert Fico,Ρόμπερτ Φίτσο,Robert Fico,رابرت فیکو,Robert Fico,Robert Fico,Robertus Fico,Robert Fico,Robert Fico,रॉबर्ट फायको,Robert Fico,Robert Fico,இராபர்ட் பிகோ,Роберт Фіцо,Robert Fico,Robert Fico,,,,,,,,,,,,,,,,,,,,,,,,,,,,,,,,,,,,,,
Q586798,Richard Sulík,Richard Sulík,Richard Sulík,Richard Sulík,Richard Sulík,Richard Sulík,,male,Richard,Richard Sulík,Richard Sulík,Richard Sulík,"Сулик, Рихард",Richard Sulík,Richard Sulík,Richard Sulík,1968-01-12,,Richard Sulík,Richard Sulík,Richard Sulík,,,,,,,,Richard Sulík,,"Сулик, Рихард",理查德·蘇里克,https://upload.wikimedia.org/wikipedia/commons/e/ea/Richard_Sulík_-2011-.jpg,,100844214,,,,/m/09v7vj8,,,,,Richard Sulík,,,,,,,,,,,,Richard Sulík,,,,,,,,124928,,,,,,,,,,,,,,,,,Richard Sulík,,,,,,,,,,,,,,,,http://sulik.sk/,,,,,,,,,,,,,,,,,,,,,,,,,,,,,,,,,,,,,,,,,,,,,,,,,,,,,,,,,,,,,,,,,,,,,
Q602437,Daniel Krajcer,,Daniel Krajcer,Daniel Krajcer,Daniel Krajcer,Daniel Krajcer,,male,Daniel,Daniel Krajcer,Daniel Krajcer,,,Daniel Krajcer,,Daniel Krajcer,1969-09-19,,,Daniel Krajcer,,,,,,,,,,,,,https://upload.wikimedia.org/wikipedia/commons/b/b7/Daniel_Krajcer_2011-01.jpg,,,,,,,,,,,Daniel Krajcer,,,,,,,,,,,,,,,,,,,,,,,,,,,,,,,,,,,,,,,,,,,,,,,,,,,,,,,,,,,,,,,,,,,,,,,,,,,,,,,,,,,,,,,,,,,,,,,,,,,,,,,,,,,,,,,,,,,,,,,,,,
Q6150597,Jana Vaľová,Jana Vaľová,Jana Vaľová,Jana Vaľová,,Jana Vaľová,,female,Jana,Jana Vaľová,Jana Vaľová,Jana Vaľová,Яна Валёва,Jana Vaľová,Jana Vaľová,,,Jana Vaľová,Jana Vaľová,Jana Vaľová,Jana Vaľová,,Jana Vaľová,Jana Vaľová,Jana Vaľová,Jana Vaľová,,,,,,,,,,,,,,,,Jana Vaľová,,,,,,,,Jana Vaľová,Jana Vaľová,,Jana Vaľová,,,,,,,,,,,,Jana Vaľová,,,,Jana Vaľová,,,Jana Vaľová,Jana Vaľová,,,,,,Jana Vaľová,,,,,,,,,,,,,,,,,,,Jana Vaľová,,,,,Jana Vaľová,,,,,,,Jana Vaľová,,,,,,,,,,,,,,,,,,,Jana Vaľová,Jana Vaľová,Jana Vaľová,Jana Vaľová,Jana Vaľová,Jana Vaľová,Jana Vaľová,Jana Vaľová,Jana Vaľová,Jana Vaľová,Jana Vaľová,Jana Vaľová,Jana Vaľová,Jana Vaľová,Jana Vaľová,Jana Vaľová,Jana Vaľová,Jana Vaľová,Jana Vaľová,Jana Vaľová,Jana Vaľová,Jana Vaľová,Jana Vaľová,Jana Vaľová,Jana Vaľová,Jana Vaľová,Jana Vaľová,Jana Vaľová,Jana Vaľová,Jana Vaľová,,,,,,,,
Q637471,Juraj Blanár,,,Juraj Blanár,,Juraj Blanár,,male,Juraj,Juraj Blanár,,,,Juraj Blanár,,Juraj Blanár,,,,,,,,,,,,,,,,,,,,,,,,,,,,,,,,,,,,,,,,,,,,,,,,,,,,,,,,,,,,,,,,,,,,,,,,,,,,,,,,,,,,,,,,,,,,,,,,,,,,,,,,,,,,,,,,,,,,,,,,,,,,,,,,,,,,,,,,,,,,,,,,,,,,,,
Q6695634,Ľuboš Blaha,Ľuboš Blaha,,Ľuboš Blaha,,Ľuboš Blaha,,male,Luboš,Ľuboš Blaha,Luboš Blaha,Luboš Blaha,,,Luboš Blaha,,1979-01-01,,,Luboš Blaha,Luboš Blaha,,,,,,,,,,,,,,103103910,,,,,,,,,,,,,,,,,,,,,,,,,,,,,,,,,,,,,,,,,,,,,,,,,,,,,,,,,,,,,,,,,,,,,,,,,,,,,,,,,,,,,,,,,,,,,,,,,,,,,,,,,,,,,,,,,,,,,,,,,,,,,,,,,,,
Q673555,František Šebej,František Šebej,František Šebej,František Šebej,František Šebej,František Šebej,,male,František,František Šebej,František Šebej,František Šebej,,František Šebej,František Šebej,František Šebej,1947-05-11,František Šebej,František Šebej,František Šebej,František Šebej,,František Šebej,František Šebej,František Šebej,František Šebej,,,,,,,https://upload.wikimedia.org/wikipedia/commons/5/54/František_Šebej.jpg,,30325346,,,,,,,František Šebej,,,,,,,,František Šebej,František Šebej,,František Šebej,,,,,,,,,,,,František Šebej,,,,František Šebej,,,František Šebej,František Šebej,,,,,,František Šebej,,František Šebej,,,,,,,,,,,,,,,,,František Šebej,,,,,František Šebej,,,,,,,František Šebej,,,,,,,,,,,,,,,,,,,František Šebej,František Šebej,František Šebej,František Šebej,František Šebej,František Šebej,František Šebej,František Šebej,František Šebej,František Šebej,František Šebej,František Šebej,František Šebej,František Šebej,František Šebej,František Šebej,František Šebej,František Šebej,František Šebej,František Šebej,František Šebej,František Šebej,František Šebej,František Šebej,František Šebej,František Šebej,František Šebej,František Šebej,František Šebej,František Šebej,,,,,,,,
Q6776399,Martin Poliačik,,,Martin Poliačik,,Martin Poliačik,,male,Martin,Martin Poliačik,Martin Poliačik,Martin Poliačik,,,Martin Poliačik,,1980-06-27,,,,,,,,,,,,,,,,,,,,,,,,,,,,,,,,,,,,,,,,,,,,,,,,,,,,,,,,,,,,,,,,,,,,,,,,,,,,,,,,,,,,,,,,,,,,,,,,,,,,,,,,,,,,,,,,,,,,,,,,,,,,,,,,,,,,,,,,,,,,,,,,,,,,,
Q680582,Ivan Uhliarik,,Ivan Uhliarik,Ivan Uhliarik,Ivan Uhliarik,Ivan Uhliarik,,male,Ivan,Ivan Uhliarik,Ivan Uhliarik,Ivan Uhliarik,,Ivan Uhliarik,Ivan Uhliarik,Ivan Uhliarik,1968-06-03,Ivan Uhliarik,Ivan Uhliarik,Ivan Uhliarik,,,,,,,,,,Ivan Uhliarik,,,,,,,,,/m/0wy39ft,,,,,Ivan Uhliarik,,,,,,,,,,,,,,,,,,,,,,,,,,,,,,,,,,,,,,,,,,,,,,,,,,,,,,,,,,,,,,,,,,,,,,,,,,,,,,,,,,,,,,,,,,,,,,,,,,,,,,,,,,,,,,,,,,,,,,,,,,
Q700735,Pavol Hrušovský,,Pavol Hrušovský,Pavol Hrušovský,Pavol Hrušovský,Pavol Hrušovský,Pavol Hrušovský,male,Pavol,Pavol Hrušovský,Pavol Hrušovský,Pavol Hrušovský,"Грушовский, Павол",Pavol Hrušovský,Pavol Hrušovský,Pavol Hrušovský,1952-06-09,,Pavol Hrušovský,Pavol Hrušovský,Pavol Hrušovský,Павал Грушаўскі,,,,,Павал Грушаўскі,Category:Pavol Hrušovský,Pavol Hrušovský,,"Грушовский, Павол",,https://upload.wikimedia.org/wikipedia/commons/e/ec/Pavol_Hrušovský_2010.jpg,,84574926,,,,/m/04rylp,mzk2004228241,,,,Pavol Hrušovský,,,,Павел Грушаўскі,,,,,,Павел Грушаўскі,,,,,,,,,,,,,,,,,,,,,,,,,,,,,,,,,,,,,,,,,,,,,,,,,,,,,,,,,,,,,,,,,,,,,,,,,,,,,,,,,,,,,,,,,,,,,,,,,,,,,,,,,,,,,,,,
Q725799,Dušan Čaplovič,,Dušan Čaplovič,Dušan Čaplovič,Dušan Čaplovič,Dušan Čaplovič,,male,Dušan,Dušan Čaplovič,Dušan Čaplovič,Dušan Čaplovič,,Dušan Čaplovič,Dušan Čaplovič,Dušan Čaplovič,1946-09-18,,,Dušan Čaplovič,Dušan Čaplovič,,,,,,,,Dušan Čaplovič,,,,https://upload.wikimedia.org/wikipedia/commons/b/b6/Dusan_Caplovic.jpg,0000 0001 0885 5992,32300807,1075656419,n97092671,,/m/0c00k4g,jn20000601246,,,,Dušan Čaplovič,,15501075v,,,,,,,,,,,,,,,,,,,,,,,,,,,,,,,,,,,,,,,,,,,,,,,,,,,,,,,,,,,,,,,,,,,,,,,,,,,,,,,,,,,,,,,,,,,,,,,,,,,,,,,,,,,,,,,,,,,,,,,,
Q725801,Ján Počiatek,,Ján Počiatek,Ján Počiatek,Ján Počiatek,Ján Počiatek,,male,Ján,Ján Počiatek,Ján Počiatek,Ján Počiatek,,Ján Počiatek,Ján Počiatek,Ján Počiatek,1970-09-16,,,Ján Počiatek,Ján Počiatek,,,,,,,,Ján Počiatek,,,,https://upload.wikimedia.org/wikipedia/commons/b/b3/Pociatek_foto1.JPG,,,,,,/m/03y9h1g,,,,,Ján Počiatek,,,,,,,,,,,,,,,,,,,,,,,,,,,,,,,,,,,,,,,,,,,,,,,,,,,,,,,,,,,,,,,,,,,,,,,,,,,,,,,,,,,,,,,,,,,,,,,,,,,,,,,,,,,,,,,,,,,,,,,,,,
Q823087,József Nagy (politik),,József Nagy,József Nagy (politik),József Nagy,József Nagy (politik),,male,József,József Nagy (politik),József Nagy,Józef Nagy,,József Nagy,,József Nagy (polityk),1968-03-11,Nagy József,,József Nagy,,,,,,,,Category:József Nagy,Józef Nagy,"Nagy József (politikus, 1968)",,,https://upload.wikimedia.org/wikipedia/commons/f/fe/József_Nagy_(jan._2012).jpg,,100662647,,,,,,,,,"József Nagy (homme politique, 1968)",,,,,,,,,,,,,,,,,,,,124926,,,,,,,,,,,,,,,,,,,,,,,,,,,,,,,,,,,,,,,,,,,,,,,,,,,,,,,,,,,,,,,,,,,,,,,,,,,,,,,,,,,,,,,,,,,,,,,,,,,,,,
Q846107,Zsolt Simon,,Zsolt Simon,Zsolt Simon,Zsolt Simon,Zsolt Simon,,male,Simon,Zsolt Simon,Zsolt Simon,Zsolt Simon,,Zsolt Simon,,Zsolt Simon,1970-08-26,Simon Zsolt,,Zsolt Simon,,,,,,,,,,Simon Zsolt (politikus),,,,,,,,,,,,,,Zsolt Simon,,,,,,,,,,,,,,,,,,,,,,,,,,,,,,,,,,,,,,,,,,,,,,,,,,,,,,,,,,,,,,,,,,,,,,,,,,,,,,,,,,,,,,,,,,,,,,,,,,,,,,,,,,,,,,,,,,,,,,,,,,
Q907488,Rudolf Chmel,,Rudolf Chmel,Rudolf Chmel,Rudolf Chmel,Rudolf Chmel,,male,Rudolf,Rudolf Chmel,Rudolf Chmel,Rudolf Chmel,,Rudolf Chmel,Rudolf Chmel,Rudolf Chmel,1939-02-11,Rudolf Chmel,Rudolf Chmel,Rudolf Chmel,Rudolf Chmel,,,,,,,,,Rudolf Chmel,,,https://upload.wikimedia.org/wikipedia/commons/9/95/Rudolf_Chmel_2011.jpg,0000 0001 0923 7264,90716532,,,028391500,/m/0bmfjd0,,,,,Rudolf Chmel,,12023628m,,,,,,,,,,,,,,,,,,,,,,,,,,,,,,,,,,,Rudolf Chmel,,,,,,,,,,,,,,,,,,,,,,,,,,,,,,,,,,,,,,,,,,,,,,,,,,,,,,,,,,,,,,,,,,,,,,,,,,,,,,,,,,,,,
Q9148778,Alojz Přidal,,,Alojz Přidal,,Alojz Přidal,,male,Alojz,Alojz Přidal,,,,Alojz Přidal,,Alojz Přidal,,,,,,,,,,,,,,,,,,,,,,,,,,,,,,,,,,,,,,,,,,,,,,,,,,,,,,,,,,,,,,,,,,,,,,,,,,,,,,,,,,,,,,,,,,,,,,,,,,,,,,,,,,,,,,,,,,,,,,,,,,,,,,,,,,,,,,,,,,,,,,,,,,,,,,
Q9254610,Erika Jurinová,,,Erika Jurinová,,Erika Jurinová,,female,Erika,Erika Jurinová,,,,Erika Jurinová,,Erika Jurinová,,,,,,,,,,,,,,,,,,,,,,,,,,,,,,,,,,,,,,,,,,,,,,,,,,,,,,,,,,,,,,,,,,,,,,,,,,,,,,,,,,,,,,,,,,,,,,,,,,,,,,,,,,,,,,,,,,,,,,,,,,,,,,,,,,,,,,,,,,,,,,,,,,,,,,
Q9283321,Gábor Gál,,,Gábor Gál,,Gábor Gál,,male,Gábor,Gábor Gál,,,,Gábor Gál,,Gábor Gál,,,,,,,,,,,,,,,,,,,,,,,,,,,,,,,,,,,,,,,,,,,,,,,,,,,,,,,,,,,,,,,,,,,,,,,,,,,,,,,,,,,,,,,,,,,,,,,,,,,,,,,,,,,,,,,,,,,,,,,,,,,,,,,,,,,,,,,,,,,,,,,,,,,,,,
Q9302525,Radoslav Procházka,,,Radoslav Procházka,,Radoslav Procházka,,male,Radoslav,Radoslav Procházka,Radoslav Procházka,Radoslav Procházka,,Radoslav Procházka,Radoslav Procházka,Radoslav Procházka,1972-03-31,,,Radoslav Procházka,Radoslav Procházka,,,,,,,Category:Radoslav Procházka,,,,拉多斯拉夫·普羅哈茨卡,https://upload.wikimedia.org/wikipedia/commons/3/38/Radoslav_prochazka_zupny_pohar_na_bicykli_detom_2013_crop.jpg,,44580486,,,081446918,,,,,,Radoslav Procházka,,150167264,,,,,,,,,,,,,,,,,,,,,,,,,,,,,,,,,,,,,,,,,,,,,,,,,,,http://www.rado2014.sk/,,,,,,,,,,,,,,,,,,,,,,,,,,,,,,,,,,,,,,,,,,,,,,,,,,,,,,,,,,,,,,,,,,,,,
Q9358652,Tibor Bastrnák,,,Tibor Bastrnák,,Tibor Bastrnák,,male,Tibor,Tibor Bastrnák,,,,Tibor Bastrnák,,Tibor Bastrnák,,,,,,,,,,,,,,,,,,,,,,,,,,,,,,,,,,,,,,,,,,,,,,,,,,,,,,,,,,,,,,,,,,,,,,,,,,,,,,,,,,,,,,,,,,,,,,,,,,,,,,,,,,,,,,,,,,,,,,,,,,,,,,,,,,,,,,,,,,,,,,,,,,,,,,
Q9368751,Viliam Novotný,,,Viliam Novotný,,Viliam Novotný,,male,Viliam,Viliam Novotný,,,,Viliam Novotný,,Viliam Novotný,,,,,,,,,,,,,,,,,,,,,,,,,,,,,,,,,,,,,,,,,,,,,,,,,,,,,,,,,,,,,,,,,,,,,,,,,,,,,,,,,,,,,,,,,,,,,,,,,,,,,,,,,,,,,,,,,,,,,,,,,,,,,,,,,,,,,,,,,,,,,,,,,,,,,,
