name,wikiname__sq,area,party,term,source,wikiname__en,id
Adelina Rista,"",Fier,PS,8,https://sq.wikipedia.org/wiki/Kuvendi_i_Shqip%C3%ABris%C3%AB,,adelina_rista
Adriana Gjonaj,,Elbasan County,Democratic Party,7,"https://en.wikipedia.org/wiki/List_of_members_of_the_parliament_of_Albania,_2009%E2%80%932013",Adriana Gjonaj,adriana_gjonaj
Agim Leka,,Elbasan County,Socialist Party,7,"https://en.wikipedia.org/wiki/List_of_members_of_the_parliament_of_Albania,_2009%E2%80%932013",Agim Leka,agim_leka
Agron Duka,"",Durrës,PR,8,https://sq.wikipedia.org/wiki/Kuvendi_i_Shqip%C3%ABris%C3%AB,,agron_duka
Agron Çela,"",Shkodër,LSI,8,https://sq.wikipedia.org/wiki/Kuvendi_i_Shqip%C3%ABris%C3%AB,,agron_Çela
Alban Zeneli,"",Kukës,PD,8,https://sq.wikipedia.org/wiki/Kuvendi_i_Shqip%C3%ABris%C3%AB,,alban_zeneli
Albana Vokshi,Albana Vokshi,Durrës,PD,8,https://sq.wikipedia.org/wiki/Kuvendi_i_Shqip%C3%ABris%C3%AB,,albana_vokshi
Albana Vokshi,,Durrës County,Democratic Party,7,"https://en.wikipedia.org/wiki/List_of_members_of_the_parliament_of_Albania,_2009%E2%80%932013",Albana Vokshi,albana_vokshi
Albert Çaçi,,Fier County,Socialist Party,7,"https://en.wikipedia.org/wiki/List_of_members_of_the_parliament_of_Albania,_2009%E2%80%932013",Albert Çaçi,albert_Çaçi
Albina Deda,Albina Deda,Lezhë,PD,8,https://sq.wikipedia.org/wiki/Kuvendi_i_Shqip%C3%ABris%C3%AB,,albina_deda
Aldo Bumçi,Aldo Bumçi,Lezhë,PD,8,https://sq.wikipedia.org/wiki/Kuvendi_i_Shqip%C3%ABris%C3%AB,,aldo_bumçi
Aldo Bumçi,,Tirana County,Democratic Party,7,"https://en.wikipedia.org/wiki/List_of_members_of_the_parliament_of_Albania,_2009%E2%80%932013",Aldo Bumçi,aldo_bumçi
Alfred Dalipi,,Korçë County,Socialist Party,7,"https://en.wikipedia.org/wiki/List_of_members_of_the_parliament_of_Albania,_2009%E2%80%932013",Alfred Dalipi,alfred_dalipi
Alfred Peza,"",Elbasan,PS,8,https://sq.wikipedia.org/wiki/Kuvendi_i_Shqip%C3%ABris%C3%AB,,alfred_peza
Anastas Angjeli,"",Gjirokastër,PS,8,https://sq.wikipedia.org/wiki/Kuvendi_i_Shqip%C3%ABris%C3%AB,,anastas_angjeli
Andis Harasani,,Tirana County,Socialist Party,7,"https://en.wikipedia.org/wiki/List_of_members_of_the_parliament_of_Albania,_2009%E2%80%932013",Andis Harasani,andis_harasani
Andrea Marto,"",Vlorë,PS,8,https://sq.wikipedia.org/wiki/Kuvendi_i_Shqip%C3%ABris%C3%AB,,andrea_marto
Anduel Xhindi,"",Fier,PS,8,https://sq.wikipedia.org/wiki/Kuvendi_i_Shqip%C3%ABris%C3%AB,,anduel_xhindi
Anila Agalliu,"",Berat,PS,8,https://sq.wikipedia.org/wiki/Kuvendi_i_Shqip%C3%ABris%C3%AB,,anila_agalliu
Aqif Rakipi,"",Elbasan,PDIU,8,https://sq.wikipedia.org/wiki/Kuvendi_i_Shqip%C3%ABris%C3%AB,,aqif_rakipi
Arben Ahmetaj,,Korçë County,Socialist Party,7,"https://en.wikipedia.org/wiki/List_of_members_of_the_parliament_of_Albania,_2009%E2%80%932013",Arben Ahmetaj,arben_ahmetaj
Arben Imami,Arben Imami,Elbasan,PD,8,https://sq.wikipedia.org/wiki/Kuvendi_i_Shqip%C3%ABris%C3%AB,,arben_imami
Arben Imami,,Tirana County,Democratic Party,7,"https://en.wikipedia.org/wiki/List_of_members_of_the_parliament_of_Albania,_2009%E2%80%932013",Arben Imami,arben_imami
Arben Isaraj,,Vlorë County,Socialist Party,7,"https://en.wikipedia.org/wiki/List_of_members_of_the_parliament_of_Albania,_2009%E2%80%932013",Arben Isaraj,arben_isaraj
Arben Malaj,,Vlorë County,Socialist Party,7,"https://en.wikipedia.org/wiki/List_of_members_of_the_parliament_of_Albania,_2009%E2%80%932013",Arben Malaj,arben_malaj
Arben Ndoka,"",Lezhë,PS,8,https://sq.wikipedia.org/wiki/Kuvendi_i_Shqip%C3%ABris%C3%AB,,arben_ndoka
Arben Ristani,Arben Ristani,Vlorë,PD,8,https://sq.wikipedia.org/wiki/Kuvendi_i_Shqip%C3%ABris%C3%AB,,arben_ristani
Arben Çuko,Arben Çuko,Fier,PS,8,https://sq.wikipedia.org/wiki/Kuvendi_i_Shqip%C3%ABris%C3%AB,,arben_Çuko
Arben Çuko,,Fier County,Socialist Party,7,"https://en.wikipedia.org/wiki/List_of_members_of_the_parliament_of_Albania,_2009%E2%80%932013",Arben Çuko,arben_Çuko
Ardian Kollozi,,Vlorë County,Democratic Party,7,"https://en.wikipedia.org/wiki/List_of_members_of_the_parliament_of_Albania,_2009%E2%80%932013",Ardian Kollozi,ardian_kollozi
Ardian Turku,Ardian Turku,Elbasan,PD,8,https://sq.wikipedia.org/wiki/Kuvendi_i_Shqip%C3%ABris%C3%AB,,ardian_turku
Ardian Turku,,Elbasan County,Democratic Party,7,"https://en.wikipedia.org/wiki/List_of_members_of_the_parliament_of_Albania,_2009%E2%80%932013",Ardian Turku,ardian_turku
Arenca Trashani,,Shkodër County,Democratic Party,7,"https://en.wikipedia.org/wiki/List_of_members_of_the_parliament_of_Albania,_2009%E2%80%932013",Arenca Trashani,arenca_trashani
Armando Prenga,"",Lezhë,PS,8,https://sq.wikipedia.org/wiki/Kuvendi_i_Shqip%C3%ABris%C3%AB,,armando_prenga
Armando Prenga,,Lezhë County,Socialist Party,7,"https://en.wikipedia.org/wiki/List_of_members_of_the_parliament_of_Albania,_2009%E2%80%932013",Armando Prenga,armando_prenga
Armando Subashi,Armando Subashi,Fier,PS,8,https://sq.wikipedia.org/wiki/Kuvendi_i_Shqip%C3%ABris%C3%AB,,armando_subashi
Armando Subashi,,Fier County,Socialist Party,7,"https://en.wikipedia.org/wiki/List_of_members_of_the_parliament_of_Albania,_2009%E2%80%932013",Armando Subashi,armando_subashi
Arta Dade,,Gjirokastër County,Socialist Party,7,"https://en.wikipedia.org/wiki/List_of_members_of_the_parliament_of_Albania,_2009%E2%80%932013",Arta Dade,arta_dade
Arta Dade,Arta Dade,Korçë,PS,8,https://sq.wikipedia.org/wiki/Kuvendi_i_Shqip%C3%ABris%C3%AB,,arta_dade
Artan Gaçi,,Tirana County,Socialist Party,7,"https://en.wikipedia.org/wiki/List_of_members_of_the_parliament_of_Albania,_2009%E2%80%932013",Artan Gaçi,artan_gaçi
Artan Gaçi,"",Tiranë,PS,8,https://sq.wikipedia.org/wiki/Kuvendi_i_Shqip%C3%ABris%C3%AB,,artan_gaçi
Artur Bushi,"",Durrës,PS,8,https://sq.wikipedia.org/wiki/Kuvendi_i_Shqip%C3%ABris%C3%AB,,artur_bushi
Asllan Dogjani,,Kukës County,Socialist Party,7,"https://en.wikipedia.org/wiki/List_of_members_of_the_parliament_of_Albania,_2009%E2%80%932013",Asllan Dogjani,asllan_dogjani
Astrit Beci,,Shkodër County,Socialist Party,7,"https://en.wikipedia.org/wiki/List_of_members_of_the_parliament_of_Albania,_2009%E2%80%932013",Astrit Beci,astrit_beci
Astrit Bushati,,Shkodër County,Democratic Party,7,"https://en.wikipedia.org/wiki/List_of_members_of_the_parliament_of_Albania,_2009%E2%80%932013",Astrit Bushati,astrit_bushati
Astrit Patozi,Astrit Patozi,Vlorë,PD,8,https://sq.wikipedia.org/wiki/Kuvendi_i_Shqip%C3%ABris%C3%AB,,astrit_patozi
Astrit Patozi,,Vlorë County,Democratic Party,7,"https://en.wikipedia.org/wiki/List_of_members_of_the_parliament_of_Albania,_2009%E2%80%932013",Astrit Patozi,astrit_patozi
Astrit Veliaj,Astrit Veliaj,Berat,PD,8,https://sq.wikipedia.org/wiki/Kuvendi_i_Shqip%C3%ABris%C3%AB,,astrit_veliaj
Bashkim Fino,Bashkim Fino,Fier,PS,8,https://sq.wikipedia.org/wiki/Kuvendi_i_Shqip%C3%ABris%C3%AB,,bashkim_fino
Bashkim Fino,,Fier County,Socialist Party,7,"https://en.wikipedia.org/wiki/List_of_members_of_the_parliament_of_Albania,_2009%E2%80%932013",Bashkim Fino,bashkim_fino
Bashkim Fino,Bashkim Fino,Korçë,PS,8,https://sq.wikipedia.org/wiki/Kuvendi_i_Shqip%C3%ABris%C3%AB,,bashkim_fino
Bedri Hoxha,Bedri Hoxha,Dibër,PD,8,https://sq.wikipedia.org/wiki/Kuvendi_i_Shqip%C3%ABris%C3%AB,,bedri_hoxha
Bedri Hoxha,,Dibër County,Democratic Party,7,"https://en.wikipedia.org/wiki/List_of_members_of_the_parliament_of_Albania,_2009%E2%80%932013",Bedri Hoxha,bedri_hoxha
Bedri Mihaj,"",Fier,PD,8,https://sq.wikipedia.org/wiki/Kuvendi_i_Shqip%C3%ABris%C3%AB,,bedri_mihaj
Ben Blushi,Ben Blushi,Elbasan,PS,8,https://sq.wikipedia.org/wiki/Kuvendi_i_Shqip%C3%ABris%C3%AB,,ben_blushi
Ben Blushi,,Korçë County,Socialist Party,7,"https://en.wikipedia.org/wiki/List_of_members_of_the_parliament_of_Albania,_2009%E2%80%932013",Ben Blushi,ben_blushi
Besnik Baraj,,Tirana County,Socialist Party,7,"https://en.wikipedia.org/wiki/List_of_members_of_the_parliament_of_Albania,_2009%E2%80%932013",Besnik Baraj,besnik_baraj
Besnik Baraj,"",Tiranë,PS,8,https://sq.wikipedia.org/wiki/Kuvendi_i_Shqip%C3%ABris%C3%AB,,besnik_baraj
Besnik Dushaj,Besnik Dushaj,Kukës,PD,8,https://sq.wikipedia.org/wiki/Kuvendi_i_Shqip%C3%ABris%C3%AB,,besnik_dushaj
Besnik Dushaj,,Kukës County,Democratic Party,7,"https://en.wikipedia.org/wiki/List_of_members_of_the_parliament_of_Albania,_2009%E2%80%932013",Besnik Dushaj,besnik_dushaj
Blendi Klosi,Blendi Klosi,Durrës,PS,8,https://sq.wikipedia.org/wiki/Kuvendi_i_Shqip%C3%ABris%C3%AB,,blendi_klosi
Blendi Klosi,,Durrës County,Socialist Party,7,"https://en.wikipedia.org/wiki/List_of_members_of_the_parliament_of_Albania,_2009%E2%80%932013",Blendi Klosi,blendi_klosi
Blerina Gjylameti,"",Tiranë,PS,8,https://sq.wikipedia.org/wiki/Kuvendi_i_Shqip%C3%ABris%C3%AB,,blerina_gjylameti
Bujar Derveni,"",Durrës,LSI,8,https://sq.wikipedia.org/wiki/Kuvendi_i_Shqip%C3%ABris%C3%AB,,bujar_derveni
Bujar Kllogjri,"",Elbasan,LSI,8,https://sq.wikipedia.org/wiki/Kuvendi_i_Shqip%C3%ABris%C3%AB,,bujar_kllogjri
Bujar Nishani,,Tirana County,Democratic Party,7,"https://en.wikipedia.org/wiki/List_of_members_of_the_parliament_of_Albania,_2009%E2%80%932013",Bujar Nishani,bujar_nishani
Damian Gjiknuri,,Elbasan County,Socialist Party,7,"https://en.wikipedia.org/wiki/List_of_members_of_the_parliament_of_Albania,_2009%E2%80%932013",Damian Gjiknuri,damian_gjiknuri
Dashamir Kamberi,"",Gjirokastër,PS,8,https://sq.wikipedia.org/wiki/Kuvendi_i_Shqip%C3%ABris%C3%AB,,dashamir_kamberi
Dashamir Peza,,Tirana County,Socialist Party,7,"https://en.wikipedia.org/wiki/List_of_members_of_the_parliament_of_Albania,_2009%E2%80%932013",Dashamir Peza,dashamir_peza
Dashamir Peza,"",Tiranë,PS,8,https://sq.wikipedia.org/wiki/Kuvendi_i_Shqip%C3%ABris%C3%AB,,dashamir_peza
Dashamir Shehi,"",Tiranë,PD,8,https://sq.wikipedia.org/wiki/Kuvendi_i_Shqip%C3%ABris%C3%AB,,dashamir_shehi
Dashamir Tahiri,Dashamir Tahiri,Vlorë,PDIU,8,https://sq.wikipedia.org/wiki/Kuvendi_i_Shqip%C3%ABris%C3%AB,,dashamir_tahiri
Dashamir Tahiri,,Vlorë County,PDIU,7,"https://en.wikipedia.org/wiki/List_of_members_of_the_parliament_of_Albania,_2009%E2%80%932013",Dashamir Tahiri,dashamir_tahiri
Dashnor Sula,,Elbasan County,Democratic Party,7,"https://en.wikipedia.org/wiki/List_of_members_of_the_parliament_of_Albania,_2009%E2%80%932013",Dashnor Sula,dashnor_sula
Ditmir Bushati,,Tirana County,Socialist Party,7,"https://en.wikipedia.org/wiki/List_of_members_of_the_parliament_of_Albania,_2009%E2%80%932013",Ditmir Bushati,ditmir_bushati
Dritan Prifti,,Fier County,Independent,7,"https://en.wikipedia.org/wiki/List_of_members_of_the_parliament_of_Albania,_2009%E2%80%932013","",dritan_prifti
Edi Paloka,,Lezhë County,Democratic Party,7,"https://en.wikipedia.org/wiki/List_of_members_of_the_parliament_of_Albania,_2009%E2%80%932013",Edi Paloka,edi_paloka
Edi Paloka,Edi Paloka,Tiranë,PD,8,https://sq.wikipedia.org/wiki/Kuvendi_i_Shqip%C3%ABris%C3%AB,,edi_paloka
Edi Rama,Edi Rama,Vlorë,PS,8,https://sq.wikipedia.org/wiki/Kuvendi_i_Shqip%C3%ABris%C3%AB,,edi_rama
Edmond Spaho,Edmond Spaho,Korçë,PD,8,https://sq.wikipedia.org/wiki/Kuvendi_i_Shqip%C3%ABris%C3%AB,,edmond_spaho
Edmond Spaho,,Korçë County,Democratic Party,7,"https://en.wikipedia.org/wiki/List_of_members_of_the_parliament_of_Albania,_2009%E2%80%932013",Edmond Spaho,edmond_spaho
Eduard Halimi,Eduard Halimi,Durrës,PD,8,https://sq.wikipedia.org/wiki/Kuvendi_i_Shqip%C3%ABris%C3%AB,,eduard_halimi
Eduard Halimi,,Durrës County,Democratic Party,7,"https://en.wikipedia.org/wiki/List_of_members_of_the_parliament_of_Albania,_2009%E2%80%932013",Eduard Halimi,eduard_halimi
Eduard Selami,Eduard Selami,Elbasan,PD,8,https://sq.wikipedia.org/wiki/Kuvendi_i_Shqip%C3%ABris%C3%AB,,eduard_selami
Eduard Shalsi,Eduard Shalsi,Berat,PS,8,https://sq.wikipedia.org/wiki/Kuvendi_i_Shqip%C3%ABris%C3%AB,,eduard_shalsi
Eduard Shalsi,,Tirana County,Socialist Party,7,"https://en.wikipedia.org/wiki/List_of_members_of_the_parliament_of_Albania,_2009%E2%80%932013",Eduard Shalsi,eduard_shalsi
Eduart Bejko,"",Berat,PS,8,https://sq.wikipedia.org/wiki/Kuvendi_i_Shqip%C3%ABris%C3%AB,,eduart_bejko
Eglantina Gjermeni,,Tirana County,Socialist Party,7,"https://en.wikipedia.org/wiki/List_of_members_of_the_parliament_of_Albania,_2009%E2%80%932013",Eglantina Gjermeni,eglantina_gjermeni
Eleina Qirici,Eleina Qirici,Korçë,PD,8,https://sq.wikipedia.org/wiki/Kuvendi_i_Shqip%C3%ABris%C3%AB,,eleina_qirici
Eltar Deda,,Vlorë County,Socialist Party,7,"https://en.wikipedia.org/wiki/List_of_members_of_the_parliament_of_Albania,_2009%E2%80%932013",Eltar Deda,eltar_deda
Enkelejd Alibeaj,Enkelejd Alibeaj,Fier,PD,8,https://sq.wikipedia.org/wiki/Kuvendi_i_Shqip%C3%ABris%C3%AB,,enkelejd_alibeaj
Enkelejd Alibeaj,,Fier County,Democratic Party,7,"https://en.wikipedia.org/wiki/List_of_members_of_the_parliament_of_Albania,_2009%E2%80%932013",Enkelejd Alibeaj,enkelejd_alibeaj
Enkelejda Shkreli,,Tirana County,Socialist Party,7,"https://en.wikipedia.org/wiki/List_of_members_of_the_parliament_of_Albania,_2009%E2%80%932013",Enkelejda Shkreli,enkelejda_shkreli
Enkelejda Shkreli,"",Tiranë,PS,8,https://sq.wikipedia.org/wiki/Kuvendi_i_Shqip%C3%ABris%C3%AB,,enkelejda_shkreli
Erion Braçe,,Berat County,Socialist Party,7,"https://en.wikipedia.org/wiki/List_of_members_of_the_parliament_of_Albania,_2009%E2%80%932013",Erion Braçe,erion_braçe
Erion Braçe,Erion Braçe,Fier,PS,8,https://sq.wikipedia.org/wiki/Kuvendi_i_Shqip%C3%ABris%C3%AB,,erion_braçe
Erjeta Alhysa,"",Tiranë,PS,8,https://sq.wikipedia.org/wiki/Kuvendi_i_Shqip%C3%ABris%C3%AB,,erjeta_alhysa
Ermelinda Meksi,,Fier County,Socialist Party,7,"https://en.wikipedia.org/wiki/List_of_members_of_the_parliament_of_Albania,_2009%E2%80%932013",Ermelinda Meksi,ermelinda_meksi
Ermonela Felaj,,Berat County,Socialist Party,7,"https://en.wikipedia.org/wiki/List_of_members_of_the_parliament_of_Albania,_2009%E2%80%932013",Ermonela Felaj,ermonela_felaj
Ervin Bushati,"",Tiranë,PS,8,https://sq.wikipedia.org/wiki/Kuvendi_i_Shqip%C3%ABris%C3%AB,,ervin_bushati
Ervin Koçi,Ervin Koçi,Fier,PS,8,https://sq.wikipedia.org/wiki/Kuvendi_i_Shqip%C3%ABris%C3%AB,,ervin_koçi
Ervin Koçi,,Fier County,Socialist Party,7,"https://en.wikipedia.org/wiki/List_of_members_of_the_parliament_of_Albania,_2009%E2%80%932013",Ervin Koçi,ervin_koçi
Esmeralda Shkjau,"",Durrës,PS,8,https://sq.wikipedia.org/wiki/Kuvendi_i_Shqip%C3%ABris%C3%AB,,esmeralda_shkjau
Et’hem Ruka,,Gjirokastër County,Socialist Party,7,"https://en.wikipedia.org/wiki/List_of_members_of_the_parliament_of_Albania,_2009%E2%80%932013",Et’hem Ruka,et’hem_ruka
Evis Kushi,"",Elbasan,PS,8,https://sq.wikipedia.org/wiki/Kuvendi_i_Shqip%C3%ABris%C3%AB,,evis_kushi
Fatbardh Kadilli,,Korçë County,Democratic Party,7,"https://en.wikipedia.org/wiki/List_of_members_of_the_parliament_of_Albania,_2009%E2%80%932013",Fatbardh Kadilli,fatbardh_kadilli
Fatmir Mediu,,Tirana County,Republican Party,7,"https://en.wikipedia.org/wiki/List_of_members_of_the_parliament_of_Albania,_2009%E2%80%932013",Fatmir Mediu,fatmir_mediu
Fatmir Mehdiu,"",Korçë,PD,8,https://sq.wikipedia.org/wiki/Kuvendi_i_Shqip%C3%ABris%C3%AB,,fatmir_mehdiu
Fatmir Toci,,Vlorë County,Socialist Party,7,"https://en.wikipedia.org/wiki/List_of_members_of_the_parliament_of_Albania,_2009%E2%80%932013",Fatmir Toci,fatmir_toci
Fatmir Toçi,Fatmir Toçi,Vlorë,PS,8,https://sq.wikipedia.org/wiki/Kuvendi_i_Shqip%C3%ABris%C3%AB,,fatmir_toçi
Fatmir Xhafaj,,Tirana County,Socialist Party,7,"https://en.wikipedia.org/wiki/List_of_members_of_the_parliament_of_Albania,_2009%E2%80%932013",Fatmir Xhafaj,fatmir_xhafaj
Fatmir Xhafaj,"",Tiranë,PS,8,https://sq.wikipedia.org/wiki/Kuvendi_i_Shqip%C3%ABris%C3%AB,,fatmir_xhafaj
Fatos Beja,,Fier County,Democratic Party,7,"https://en.wikipedia.org/wiki/List_of_members_of_the_parliament_of_Albania,_2009%E2%80%932013",Fatos Beja,fatos_beja
Fatos Hoxha,,Kukës County,Democratic Party,7,"https://en.wikipedia.org/wiki/List_of_members_of_the_parliament_of_Albania,_2009%E2%80%932013",Fatos Hoxha,fatos_hoxha
Fatos Tushe,,Fier County,Socialist Party,7,"https://en.wikipedia.org/wiki/List_of_members_of_the_parliament_of_Albania,_2009%E2%80%932013",Fatos Tushe,fatos_tushe
Ferdinand Xhaferri,,Durrës County,Democratic Party,7,"https://en.wikipedia.org/wiki/List_of_members_of_the_parliament_of_Albania,_2009%E2%80%932013",Ferdinand Xhaferri,ferdinand_xhaferri
Fidel Ylli,Fidel Ylli,Berat,PS,8,https://sq.wikipedia.org/wiki/Kuvendi_i_Shqip%C3%ABris%C3%AB,,fidel_ylli
Fidel Ylli,,Berat County,Socialist Party,7,"https://en.wikipedia.org/wiki/List_of_members_of_the_parliament_of_Albania,_2009%E2%80%932013",Fidel Ylli,fidel_ylli
Flamur Noka,Flamur Noka,Kukës,PD,8,https://sq.wikipedia.org/wiki/Kuvendi_i_Shqip%C3%ABris%C3%AB,,flamur_noka
Flamur Noka,,Kukës County,Democratic Party,7,"https://en.wikipedia.org/wiki/List_of_members_of_the_parliament_of_Albania,_2009%E2%80%932013",Flamur Noka,flamur_noka
Florian Mima,,Tirana County,Democratic Party,7,"https://en.wikipedia.org/wiki/List_of_members_of_the_parliament_of_Albania,_2009%E2%80%932013",Florian Mima,florian_mima
Florjon Mima,Florjon Mima,Tiranë,PD,8,https://sq.wikipedia.org/wiki/Kuvendi_i_Shqip%C3%ABris%C3%AB,,florjon_mima
Gazmend Oketa,,Durrës County,New Democratic Spirit,7,"https://en.wikipedia.org/wiki/List_of_members_of_the_parliament_of_Albania,_2009%E2%80%932013",Gazmend Oketa,gazmend_oketa
Gazmir Bizhga,,Durrës County,Socialist Party,7,"https://en.wikipedia.org/wiki/List_of_members_of_the_parliament_of_Albania,_2009%E2%80%932013",Gazmir Bizhga,gazmir_bizhga
Genc Pollo,Genc Pollo,Berat,PD,8,https://sq.wikipedia.org/wiki/Kuvendi_i_Shqip%C3%ABris%C3%AB,,genc_pollo
Genc Pollo,,Berat County,Democratic Party,7,"https://en.wikipedia.org/wiki/List_of_members_of_the_parliament_of_Albania,_2009%E2%80%932013",Genc Pollo,genc_pollo
Genc Ruli,Genc Ruli,Gjirokastër,PD,8,https://sq.wikipedia.org/wiki/Kuvendi_i_Shqip%C3%ABris%C3%AB,,genc_ruli
Genc Ruli,,Gjirokastër County,Democratic Party,7,"https://en.wikipedia.org/wiki/List_of_members_of_the_parliament_of_Albania,_2009%E2%80%932013",Genc Ruli,genc_ruli
Gent Strazimiri,Gent Strazimiri,Durrës,PD,8,https://sq.wikipedia.org/wiki/Kuvendi_i_Shqip%C3%ABris%C3%AB,,gent_strazimiri
Gent Strazimiri,,Tirana County,Democratic Party,7,"https://en.wikipedia.org/wiki/List_of_members_of_the_parliament_of_Albania,_2009%E2%80%932013",Gent Strazimiri,gent_strazimiri
Gentian Bejko,"",Durrës,PS,8,https://sq.wikipedia.org/wiki/Kuvendi_i_Shqip%C3%ABris%C3%AB,,gentian_bejko
Gerti Bogdani,,Tirana County,Democratic Party,7,"https://en.wikipedia.org/wiki/List_of_members_of_the_parliament_of_Albania,_2009%E2%80%932013",Gerti Bogdani,gerti_bogdani
Gerti Bogdani,Gerti Bogdani,Tiranë,PD,8,https://sq.wikipedia.org/wiki/Kuvendi_i_Shqip%C3%ABris%C3%AB,,gerti_bogdani
Gjergji Papa,Gjergji Papa,Korçë,PD,8,https://sq.wikipedia.org/wiki/Kuvendi_i_Shqip%C3%ABris%C3%AB,,gjergji_papa
Gjergji Papa,,Korçë County,Democratic Party,7,"https://en.wikipedia.org/wiki/List_of_members_of_the_parliament_of_Albania,_2009%E2%80%932013",Gjergji Papa,gjergji_papa
Gjok Jaku,,Lezhë County,Socialist Party,7,"https://en.wikipedia.org/wiki/List_of_members_of_the_parliament_of_Albania,_2009%E2%80%932013",Gjok Jaku,gjok_jaku
Gjok Uldedaj,,Shkodër County,Democratic Party,7,"https://en.wikipedia.org/wiki/List_of_members_of_the_parliament_of_Albania,_2009%E2%80%932013",Gjok Uldedaj,gjok_uldedaj
Gjovalin Bzheta,Gjovalin Bzheta,Shkodër,PD,8,https://sq.wikipedia.org/wiki/Kuvendi_i_Shqip%C3%ABris%C3%AB,,gjovalin_bzheta
Gjovalin Kadeli,Gjovalin Kadeli,Lezhë,PD,8,https://sq.wikipedia.org/wiki/Kuvendi_i_Shqip%C3%ABris%C3%AB,,gjovalin_kadeli
Gjovalin Kadeli,,Lezhë County,Socialist Party,7,"https://en.wikipedia.org/wiki/List_of_members_of_the_parliament_of_Albania,_2009%E2%80%932013",Gjovalin Kadeli,gjovalin_kadeli
Gledjon Rehovica,"",Berat,LSI,8,https://sq.wikipedia.org/wiki/Kuvendi_i_Shqip%C3%ABris%C3%AB,,gledjon_rehovica
Gramoz Ruci,,Fier County,Socialist Party,7,"https://en.wikipedia.org/wiki/List_of_members_of_the_parliament_of_Albania,_2009%E2%80%932013",Gramoz Ruci,gramoz_ruci
Gramoz Ruçi,Gramoz Ruçi,Fier,PS,8,https://sq.wikipedia.org/wiki/Kuvendi_i_Shqip%C3%ABris%C3%AB,,gramoz_ruçi
Gëzim Dibra,,Shkodër County,Democratic Party,7,"https://en.wikipedia.org/wiki/List_of_members_of_the_parliament_of_Albania,_2009%E2%80%932013",Gëzim Dibra,gëzim_dibra
Halim Kosova,Halim Kosova,Tiranë,PD,8,https://sq.wikipedia.org/wiki/Kuvendi_i_Shqip%C3%ABris%C3%AB,,halim_kosova
Hazir Gashi,,Durrës County,Socialist Party,7,"https://en.wikipedia.org/wiki/List_of_members_of_the_parliament_of_Albania,_2009%E2%80%932013",Hazir Gashi,hazir_gashi
Helidon Bushati,Helidon Bushati,Shkodër,PD,8,https://sq.wikipedia.org/wiki/Kuvendi_i_Shqip%C3%ABris%C3%AB,,helidon_bushati
Igli Cara,Igli Cara,Durrës,PD,8,https://sq.wikipedia.org/wiki/Kuvendi_i_Shqip%C3%ABris%C3%AB,,igli_cara
Igli Cara,,Durrës County,Democratic Party,7,"https://en.wikipedia.org/wiki/List_of_members_of_the_parliament_of_Albania,_2009%E2%80%932013",Igli Cara,igli_cara
Ilir Bano,,Fier County,Democratic Party,7,"https://en.wikipedia.org/wiki/List_of_members_of_the_parliament_of_Albania,_2009%E2%80%932013",Ilir Bano,ilir_bano
Ilir Bejtja,,Elbasan County,Socialist Party,7,"https://en.wikipedia.org/wiki/List_of_members_of_the_parliament_of_Albania,_2009%E2%80%932013",Ilir Bejtja,ilir_bejtja
Ilir Beqja,,Shkodër County,Socialist Party,7,"https://en.wikipedia.org/wiki/List_of_members_of_the_parliament_of_Albania,_2009%E2%80%932013",Ilir Beqja,ilir_beqja
Ilir Gjoni,,Tirana County,Socialist Party,7,"https://en.wikipedia.org/wiki/List_of_members_of_the_parliament_of_Albania,_2009%E2%80%932013",Ilir Gjoni,ilir_gjoni
Ilir Meta,,Tirana County,Socialist Movement for Integration,7,"https://en.wikipedia.org/wiki/List_of_members_of_the_parliament_of_Albania,_2009%E2%80%932013",Ilir Meta,ilir_meta
Ilir Meta,Ilir Meta,Tiranë,LSI,8,https://sq.wikipedia.org/wiki/Kuvendi_i_Shqip%C3%ABris%C3%AB,,ilir_meta
Ilir Rusmali,,Tirana County,Democratic Party,7,"https://en.wikipedia.org/wiki/List_of_members_of_the_parliament_of_Albania,_2009%E2%80%932013",Ilir Rusmali,ilir_rusmali
Ilir Xhakolli,"",Korçë,PS,8,https://sq.wikipedia.org/wiki/Kuvendi_i_Shqip%C3%ABris%C3%AB,,ilir_xhakolli
Ilirjan Pendavinji,"",Korçë,PS,8,https://sq.wikipedia.org/wiki/Kuvendi_i_Shqip%C3%ABris%C3%AB,,ilirjan_pendavinji
Ismail Hoxha,,Korçë County,Democratic Party,7,"https://en.wikipedia.org/wiki/List_of_members_of_the_parliament_of_Albania,_2009%E2%80%932013",Ismail Hoxha,ismail_hoxha
Jemin Gjana,,Dibër County,Democratic Party,7,"https://en.wikipedia.org/wiki/List_of_members_of_the_parliament_of_Albania,_2009%E2%80%932013",Jemin Gjana,jemin_gjana
Jorida Tabaku,Jorida Tabaku,Tiranë,PD,8,https://sq.wikipedia.org/wiki/Kuvendi_i_Shqip%C3%ABris%C3%AB,,jorida_tabaku
Jozefina Topalli,Jozefina Topalli,Shkodër,PD,8,https://sq.wikipedia.org/wiki/Kuvendi_i_Shqip%C3%ABris%C3%AB,,jozefina_topalli
Jozefina Topalli,,Shkodër County,Democratic Party,7,"https://en.wikipedia.org/wiki/List_of_members_of_the_parliament_of_Albania,_2009%E2%80%932013",Jozefina Topalli,jozefina_topalli
Kastriot Islami,,Tirana County,Independent,7,"https://en.wikipedia.org/wiki/List_of_members_of_the_parliament_of_Albania,_2009%E2%80%932013",Kastriot Islami,kastriot_islami
Kastriot Islami,Kastriot Islami,Tiranë,PD,8,https://sq.wikipedia.org/wiki/Kuvendi_i_Shqip%C3%ABris%C3%AB,,kastriot_islami
Kejdi Mehmetaj,"",Tiranë,LSI,8,https://sq.wikipedia.org/wiki/Kuvendi_i_Shqip%C3%ABris%C3%AB,,kejdi_mehmetaj
Keltis Kruja,Keltis Kruja,Tiranë,PD,8,https://sq.wikipedia.org/wiki/Kuvendi_i_Shqip%C3%ABris%C3%AB,,keltis_kruja
Klodiana Spahiu,"",Durrës,PS,8,https://sq.wikipedia.org/wiki/Kuvendi_i_Shqip%C3%ABris%C3%AB,,klodiana_spahiu
Klodiana Spahiu,,Durrës County,Socialist Party,7,"https://en.wikipedia.org/wiki/List_of_members_of_the_parliament_of_Albania,_2009%E2%80%932013",Klodiana Spahiu,klodiana_spahiu
Kozma Dashi,Kozma Dashi,Fier,PD,8,https://sq.wikipedia.org/wiki/Kuvendi_i_Shqip%C3%ABris%C3%AB,,kozma_dashi
Koço Kokëdhima,"",Vlorë,PS,8,https://sq.wikipedia.org/wiki/Kuvendi_i_Shqip%C3%ABris%C3%AB,,koço_kokëdhima
Kreshnik Çipi,,Vlorë County,Democratic Party,7,"https://en.wikipedia.org/wiki/List_of_members_of_the_parliament_of_Albania,_2009%E2%80%932013",Kreshnik Çipi,kreshnik_Çipi
Lajla Pernaska,,Tirana County,Democratic Party,7,"https://en.wikipedia.org/wiki/List_of_members_of_the_parliament_of_Albania,_2009%E2%80%932013",Lajla Pernaska,lajla_pernaska
Ledina Aliolli,,Korçë County,Democratic Party,7,"https://en.wikipedia.org/wiki/List_of_members_of_the_parliament_of_Albania,_2009%E2%80%932013",Ledina Aliolli,ledina_aliolli
Lefter Koka,,Durrës County,Socialist Movement for Integration,7,"https://en.wikipedia.org/wiki/List_of_members_of_the_parliament_of_Albania,_2009%E2%80%932013",Lefter Koka,lefter_koka
Lefter Maliqi,,Berat County,Democratic Party,7,"https://en.wikipedia.org/wiki/List_of_members_of_the_parliament_of_Albania,_2009%E2%80%932013",Lefter Maliqi,lefter_maliqi
Leonard Demi,,Vlorë County,Democratic Party,7,"https://en.wikipedia.org/wiki/List_of_members_of_the_parliament_of_Albania,_2009%E2%80%932013",Leonard Demi,leonard_demi
Liljana Elmazi,Liljana Elmazi,Vlorë,PD,8,https://sq.wikipedia.org/wiki/Kuvendi_i_Shqip%C3%ABris%C3%AB,,liljana_elmazi
Luan Duzha,"",Elbasan,PR,8,https://sq.wikipedia.org/wiki/Kuvendi_i_Shqip%C3%ABris%C3%AB,,luan_duzha
Luan Rama,Luan Rama,Tiranë,LSI,8,https://sq.wikipedia.org/wiki/Kuvendi_i_Shqip%C3%ABris%C3%AB,,luan_rama
Luan Skuqi,,Tirana County,Democratic Party,7,"https://en.wikipedia.org/wiki/List_of_members_of_the_parliament_of_Albania,_2009%E2%80%932013",Luan Skuqi,luan_skuqi
Luiza Xhuvani,,Vlorë County,Socialist Party,7,"https://en.wikipedia.org/wiki/List_of_members_of_the_parliament_of_Albania,_2009%E2%80%932013",Luiza Xhuvani,luiza_xhuvani
Luljeta Arapi,"",Elbasan,PS,8,https://sq.wikipedia.org/wiki/Kuvendi_i_Shqip%C3%ABris%C3%AB,,luljeta_arapi
Lulzim Basha,,Elbasan County,Democratic Party,7,"https://en.wikipedia.org/wiki/List_of_members_of_the_parliament_of_Albania,_2009%E2%80%932013",Lulzim Basha,lulzim_basha
Luçiano Boçi,Luçiano Boçi,Elbasan,PD,8,https://sq.wikipedia.org/wiki/Kuvendi_i_Shqip%C3%ABris%C3%AB,,luçiano_boçi
Luçiano Boçi,,Elbasan County,Democratic Party,7,"https://en.wikipedia.org/wiki/List_of_members_of_the_parliament_of_Albania,_2009%E2%80%932013",Luçiano Boçi,luçiano_boçi
Majlinda Bregu,,Tirana County,Democratic Party,7,"https://en.wikipedia.org/wiki/List_of_members_of_the_parliament_of_Albania,_2009%E2%80%932013",Majlinda Bregu,majlinda_bregu
Majlinda Bregu,Majlinda Bregu,Tiranë,PD,8,https://sq.wikipedia.org/wiki/Kuvendi_i_Shqip%C3%ABris%C3%AB,,majlinda_bregu
Majlinda Bufi,"",Fier,PS,8,https://sq.wikipedia.org/wiki/Kuvendi_i_Shqip%C3%ABris%C3%AB,,majlinda_bufi
Mark Marku,,Lezhë County,Democratic Party,7,"https://en.wikipedia.org/wiki/List_of_members_of_the_parliament_of_Albania,_2009%E2%80%932013",Mark Marku,mark_marku
Marko Bello,,Berat County,Socialist Party,7,"https://en.wikipedia.org/wiki/List_of_members_of_the_parliament_of_Albania,_2009%E2%80%932013",Marko Bello,marko_bello
Mehmet Xheka,,Berat County,Democratic Party,7,"https://en.wikipedia.org/wiki/List_of_members_of_the_parliament_of_Albania,_2009%E2%80%932013",Mehmet Xheka,mehmet_xheka
Mesila Doda,Mesila Doda,Fier,PD,8,https://sq.wikipedia.org/wiki/Kuvendi_i_Shqip%C3%ABris%C3%AB,,mesila_doda
Mesila Doda,,Fier County,Democratic Party,7,"https://en.wikipedia.org/wiki/List_of_members_of_the_parliament_of_Albania,_2009%E2%80%932013",Mesila Doda,mesila_doda
Mhill Fufi,"",Lezhë,PD,8,https://sq.wikipedia.org/wiki/Kuvendi_i_Shqip%C3%ABris%C3%AB,,mhill_fufi
Mimi Kodheli,,Korçë County,Socialist Party,7,"https://en.wikipedia.org/wiki/List_of_members_of_the_parliament_of_Albania,_2009%E2%80%932013",Mimi Kodheli,mimi_kodheli
Mimoza Hafizi,"",Shkodër,PS,8,https://sq.wikipedia.org/wiki/Kuvendi_i_Shqip%C3%ABris%C3%AB,,mimoza_hafizi
Mira Shehu,"",Vlorë,PS,8,https://sq.wikipedia.org/wiki/Kuvendi_i_Shqip%C3%ABris%C3%AB,,mira_shehu
Miranda Rira,"",Elbasan,LSI,8,https://sq.wikipedia.org/wiki/Kuvendi_i_Shqip%C3%ABris%C3%AB,,miranda_rira
Monika Kryemadhi,"",Lezhë,LSI,8,https://sq.wikipedia.org/wiki/Kuvendi_i_Shqip%C3%ABris%C3%AB,,monika_kryemadhi
Musa Ulqini,"",Elbasan,PS,8,https://sq.wikipedia.org/wiki/Kuvendi_i_Shqip%C3%ABris%C3%AB,,musa_ulqini
Myqerem Tafaj,,Tirana County,Democratic Party,7,"https://en.wikipedia.org/wiki/List_of_members_of_the_parliament_of_Albania,_2009%E2%80%932013",Myqerem Tafaj,myqerem_tafaj
Myqerem Tafaj,Myqerem Tafaj,Tiranë,PD,8,https://sq.wikipedia.org/wiki/Kuvendi_i_Shqip%C3%ABris%C3%AB,,myqerem_tafaj
Namik Dokle,Namik Dokle,Durrës,PS,8,https://sq.wikipedia.org/wiki/Kuvendi_i_Shqip%C3%ABris%C3%AB,,namik_dokle
Namik Dokle,,Tirana County,Socialist Party,7,"https://en.wikipedia.org/wiki/List_of_members_of_the_parliament_of_Albania,_2009%E2%80%932013",Namik Dokle,namik_dokle
Namik Kopliku,"",Shkodër,PS,8,https://sq.wikipedia.org/wiki/Kuvendi_i_Shqip%C3%ABris%C3%AB,,namik_kopliku
Nard Ndoka,Nard Ndoka,Shkodër,PD,8,https://sq.wikipedia.org/wiki/Kuvendi_i_Shqip%C3%ABris%C3%AB,,nard_ndoka
Nasip Naço,,Berat County,Socialist Movement for Integration,7,"https://en.wikipedia.org/wiki/List_of_members_of_the_parliament_of_Albania,_2009%E2%80%932013",Nasip Naço,nasip_naço
Ndue Kola,,Shkodër County,Socialist Party,7,"https://en.wikipedia.org/wiki/List_of_members_of_the_parliament_of_Albania,_2009%E2%80%932013",Ndue Kola,ndue_kola
Ndue Paluca,,Shkodër County,Democratic Party,7,"https://en.wikipedia.org/wiki/List_of_members_of_the_parliament_of_Albania,_2009%E2%80%932013",Ndue Paluca,ndue_paluca
Oerd Bylykbashi,Oerd Bylykbashi,Durrës,PD,8,https://sq.wikipedia.org/wiki/Kuvendi_i_Shqip%C3%ABris%C3%AB,,oerd_bylykbashi
Olta Xhacka,,Korçë County,Socialist Party,7,"https://en.wikipedia.org/wiki/List_of_members_of_the_parliament_of_Albania,_2009%E2%80%932013",Olta Xhacka,olta_xhacka
Olta Xhaçka,"",Korçë,PS,8,https://sq.wikipedia.org/wiki/Kuvendi_i_Shqip%C3%ABris%C3%AB,,olta_xhaçka
Omer Mamo,"",Fier,PDIU,8,https://sq.wikipedia.org/wiki/Kuvendi_i_Shqip%C3%ABris%C3%AB,,omer_mamo
Osman Metalla,,Durrës County,Democratic Party,7,"https://en.wikipedia.org/wiki/List_of_members_of_the_parliament_of_Albania,_2009%E2%80%932013",Osman Metalla,osman_metalla
Pandeli Majko,,Korçë County,Socialist Party,7,"https://en.wikipedia.org/wiki/List_of_members_of_the_parliament_of_Albania,_2009%E2%80%932013",Pandeli Majko,pandeli_majko
Pandeli Majko,Pandeli Majko,Tiranë,PS,8,https://sq.wikipedia.org/wiki/Kuvendi_i_Shqip%C3%ABris%C3%AB,,pandeli_majko
Parid Cara,"",Tiranë,PS,8,https://sq.wikipedia.org/wiki/Kuvendi_i_Shqip%C3%ABris%C3%AB,,parid_cara
Paulin Sterkaj,"",Shkodër,PS,8,https://sq.wikipedia.org/wiki/Kuvendi_i_Shqip%C3%ABris%C3%AB,,paulin_sterkaj
Paulin Sterkaj,,Shkodër County,Democratic Party,7,"https://en.wikipedia.org/wiki/List_of_members_of_the_parliament_of_Albania,_2009%E2%80%932013",Paulin Sterkaj,paulin_sterkaj
Pavlina Hoti,,Lezhë County,Democratic Party,7,"https://en.wikipedia.org/wiki/List_of_members_of_the_parliament_of_Albania,_2009%E2%80%932013",Pavlina Hoti,pavlina_hoti
Petrit Vasili,"",Fier,LSI,8,https://sq.wikipedia.org/wiki/Kuvendi_i_Shqip%C3%ABris%C3%AB,,petrit_vasili
Piro Lutaj,,Fier County,Socialist Party,7,"https://en.wikipedia.org/wiki/List_of_members_of_the_parliament_of_Albania,_2009%E2%80%932013",Piro Lutaj,piro_lutaj
Pirro Lutaj,"",Fier,PS,8,https://sq.wikipedia.org/wiki/Kuvendi_i_Shqip%C3%ABris%C3%AB,,pirro_lutaj
Pjerin Ndreu,"",Tiranë,PS,8,https://sq.wikipedia.org/wiki/Kuvendi_i_Shqip%C3%ABris%C3%AB,,pjerin_ndreu
Përparim Spahiu,"",Dibër,LSI,8,https://sq.wikipedia.org/wiki/Kuvendi_i_Shqip%C3%ABris%C3%AB,,përparim_spahiu
Qemal Minxhozi,,Dibër County,Socialist Party,7,"https://en.wikipedia.org/wiki/List_of_members_of_the_parliament_of_Albania,_2009%E2%80%932013",Qemal Minxhozi,qemal_minxhozi
Rajmonda Bulku,,Tirana County,Democratic Party,7,"https://en.wikipedia.org/wiki/List_of_members_of_the_parliament_of_Albania,_2009%E2%80%932013",Rajmonda Bulku,rajmonda_bulku
Rakip Suli,"",Tiranë,PS,8,https://sq.wikipedia.org/wiki/Kuvendi_i_Shqip%C3%ABris%C3%AB,,rakip_suli
Ridvan Bode,Ridvan Bode,Korçë,PD,8,https://sq.wikipedia.org/wiki/Kuvendi_i_Shqip%C3%ABris%C3%AB,,ridvan_bode
Ridvan Bode,,Korçë County,Democratic Party,7,"https://en.wikipedia.org/wiki/List_of_members_of_the_parliament_of_Albania,_2009%E2%80%932013",Ridvan Bode,ridvan_bode
Robert Bitri,"",Fier,LSI,8,https://sq.wikipedia.org/wiki/Kuvendi_i_Shqip%C3%ABris%C3%AB,,robert_bitri
Roland Keta,Roland Keta,Dibër,PD,8,https://sq.wikipedia.org/wiki/Kuvendi_i_Shqip%C3%ABris%C3%AB,,roland_keta
Rrahim Çota,,Elbasan County,Democratic Party,7,"https://en.wikipedia.org/wiki/List_of_members_of_the_parliament_of_Albania,_2009%E2%80%932013",Rrahim Çota,rrahim_Çota
Rrajmond Hoxha,,Lezhë County,Democratic Party,7,"https://en.wikipedia.org/wiki/List_of_members_of_the_parliament_of_Albania,_2009%E2%80%932013",Rrajmond Hoxha,rrajmond_hoxha
Rudina Seseri,,Durrës County,Socialist Party,7,"https://en.wikipedia.org/wiki/List_of_members_of_the_parliament_of_Albania,_2009%E2%80%932013",Rudina Seseri,rudina_seseri
Sadri Abazi,,Dibër County,Socialist Party,7,"https://en.wikipedia.org/wiki/List_of_members_of_the_parliament_of_Albania,_2009%E2%80%932013",Sadri Abazi,sadri_abazi
Sadri Abazi,"",Tiranë,PS,8,https://sq.wikipedia.org/wiki/Kuvendi_i_Shqip%C3%ABris%C3%AB,,sadri_abazi
Sajmir Tahiri,,Tirana County,Socialist Party,7,"https://en.wikipedia.org/wiki/List_of_members_of_the_parliament_of_Albania,_2009%E2%80%932013",Sajmir Tahiri,sajmir_tahiri
Sali Berisha,,Tirana County,Democratic Party,7,"https://en.wikipedia.org/wiki/List_of_members_of_the_parliament_of_Albania,_2009%E2%80%932013",Sali Berisha,sali_berisha
Sali Berisha,Sali Berisha,Tiranë,PD,8,https://sq.wikipedia.org/wiki/Kuvendi_i_Shqip%C3%ABris%C3%AB,,sali_berisha
Selami Xhepa,,Dibër County,Democratic Party,7,"https://en.wikipedia.org/wiki/List_of_members_of_the_parliament_of_Albania,_2009%E2%80%932013",Selami Xhepa,selami_xhepa
Shegush Ligori,,Elbasan County,Socialist Party,7,"https://en.wikipedia.org/wiki/List_of_members_of_the_parliament_of_Albania,_2009%E2%80%932013",Shegush Ligori,shegush_ligori
Sherefedin Shehu,Sherefedin Shehu,Dibër,PD,8,https://sq.wikipedia.org/wiki/Kuvendi_i_Shqip%C3%ABris%C3%AB,,sherefedin_shehu
Sherefedin Shehu,,Dibër County,Democratic Party,7,"https://en.wikipedia.org/wiki/List_of_members_of_the_parliament_of_Albania,_2009%E2%80%932013",Sherefedin Shehu,sherefedin_shehu
Shkëlqim Cani,"",Dibër,PS,8,https://sq.wikipedia.org/wiki/Kuvendi_i_Shqip%C3%ABris%C3%AB,,shkëlqim_cani
Shkëlqim Selami,"",Vlorë,LSI,8,https://sq.wikipedia.org/wiki/Kuvendi_i_Shqip%C3%ABris%C3%AB,,shkëlqim_selami
Shpetim Idrizi,,Vlorë County,PDIU,7,"https://en.wikipedia.org/wiki/List_of_members_of_the_parliament_of_Albania,_2009%E2%80%932013",Shpetim Idrizi,shpetim_idrizi
Shpëtim Idrizi,Shpëtim Idrizi,Fier,PD,8,https://sq.wikipedia.org/wiki/Kuvendi_i_Shqip%C3%ABris%C3%AB,,shpëtim_idrizi
Silva Caka,"",Berat,LSI,8,https://sq.wikipedia.org/wiki/Kuvendi_i_Shqip%C3%ABris%C3%AB,,silva_caka
Skender Hasa,,Elbasan County,Socialist Party,7,"https://en.wikipedia.org/wiki/List_of_members_of_the_parliament_of_Albania,_2009%E2%80%932013",Skender Hasa,skender_hasa
Sokol Olldashi,,Fier County,Democratic Party,7,"https://en.wikipedia.org/wiki/List_of_members_of_the_parliament_of_Albania,_2009%E2%80%932013",Sokol Olldashi,sokol_olldashi
Spartak Braho,"",Tiranë,PS,8,https://sq.wikipedia.org/wiki/Kuvendi_i_Shqip%C3%ABris%C3%AB,,spartak_braho
Spiro Ksera,,Gjirokastër County,Democratic Party,7,"https://en.wikipedia.org/wiki/List_of_members_of_the_parliament_of_Albania,_2009%E2%80%932013",Spiro Ksera,spiro_ksera
Sybi Hida,,Elbasan County,Democratic Party,7,"https://en.wikipedia.org/wiki/List_of_members_of_the_parliament_of_Albania,_2009%E2%80%932013",Sybi Hida,sybi_hida
Taulant Balla,"",Elbasan,PS,8,https://sq.wikipedia.org/wiki/Kuvendi_i_Shqip%C3%ABris%C3%AB,,taulant_balla
Taulant Balla,,Elbasan County,Socialist Party,7,"https://en.wikipedia.org/wiki/List_of_members_of_the_parliament_of_Albania,_2009%E2%80%932013",Taulant Balla,taulant_balla
Tom Doshi,"",Shkodër,PS,8,https://sq.wikipedia.org/wiki/Kuvendi_i_Shqip%C3%ABris%C3%AB,,tom_doshi
Tom Doshi,,Shkodër County,Socialist Party,7,"https://en.wikipedia.org/wiki/List_of_members_of_the_parliament_of_Albania,_2009%E2%80%932013",Tom Doshi,tom_doshi
Tritan Shehu,,Tirana County,Democratic Party,7,"https://en.wikipedia.org/wiki/List_of_members_of_the_parliament_of_Albania,_2009%E2%80%932013",Tritan Shehu,tritan_shehu
Ulsi Manja,"",Dibër,PS,8,https://sq.wikipedia.org/wiki/Kuvendi_i_Shqip%C3%ABris%C3%AB,,ulsi_manja
Valentina Leskaj,,Elbasan County,Socialist Party,7,"https://en.wikipedia.org/wiki/List_of_members_of_the_parliament_of_Albania,_2009%E2%80%932013",Valentina Leskaj,valentina_leskaj
Valentina Leskaj,Valentina Leskaj,Vlorë,PS,8,https://sq.wikipedia.org/wiki/Kuvendi_i_Shqip%C3%ABris%C3%AB,,valentina_leskaj
Vangjel Dule,"",Vlorë,PBDNJ,8,https://sq.wikipedia.org/wiki/Kuvendi_i_Shqip%C3%ABris%C3%AB,,vangjel_dule
Vangjel Dule,,Vlorë County,Unity for Human Rights Party,7,"https://en.wikipedia.org/wiki/List_of_members_of_the_parliament_of_Albania,_2009%E2%80%932013",Vangjel Dule,vangjel_dule
Vangjel Tavo,"",Gjirokastër,LSI,8,https://sq.wikipedia.org/wiki/Kuvendi_i_Shqip%C3%ABris%C3%AB,,vangjel_tavo
Vangjel Tavo,,Gjirokastër County,Socialist Movement for Integration,7,"https://en.wikipedia.org/wiki/List_of_members_of_the_parliament_of_Albania,_2009%E2%80%932013",Vangjel Tavo,vangjel_tavo
Vasilika Hysi,,Tirana County,Socialist Party,7,"https://en.wikipedia.org/wiki/List_of_members_of_the_parliament_of_Albania,_2009%E2%80%932013",Vasilika Hysi,vasilika_hysi
Vasilika Hysi,"",Tiranë,PS,8,https://sq.wikipedia.org/wiki/Kuvendi_i_Shqip%C3%ABris%C3%AB,,vasilika_hysi
Vasillaq Ngresi,,Fier County,Democratic Party,7,"https://en.wikipedia.org/wiki/List_of_members_of_the_parliament_of_Albania,_2009%E2%80%932013",Vasillaq Ngresi,vasillaq_ngresi
Vexhi Muçmataj,"",Kukës,PS,8,https://sq.wikipedia.org/wiki/Kuvendi_i_Shqip%C3%ABris%C3%AB,,vexhi_muçmataj
Viktor Gumi,,Tirana County,Democratic Party,7,"https://en.wikipedia.org/wiki/List_of_members_of_the_parliament_of_Albania,_2009%E2%80%932013",Viktor Gumi,viktor_gumi
Vladimir Kosta,"",Gjirokastër,PS,8,https://sq.wikipedia.org/wiki/Kuvendi_i_Shqip%C3%ABris%C3%AB,,vladimir_kosta
Voltana Ademi,Voltana Ademi,Shkodër,PD,8,https://sq.wikipedia.org/wiki/Kuvendi_i_Shqip%C3%ABris%C3%AB,,voltana_ademi
Xhemal Qefalia,,Tirana County,Socialist Party,7,"https://en.wikipedia.org/wiki/List_of_members_of_the_parliament_of_Albania,_2009%E2%80%932013",Xhemal Qefalia,xhemal_qefalia
Xhemal Qefalia,"",Tiranë,PS,8,https://sq.wikipedia.org/wiki/Kuvendi_i_Shqip%C3%ABris%C3%AB,,xhemal_qefalia
Ylli Lama,,Durrës County,Democratic Party,7,"https://en.wikipedia.org/wiki/List_of_members_of_the_parliament_of_Albania,_2009%E2%80%932013",Ylli Lama,ylli_lama
Ylli Mihallaq Ziçishti,"",Korçë,PS,8,https://sq.wikipedia.org/wiki/Kuvendi_i_Shqip%C3%ABris%C3%AB,,ylli_mihallaq_ziçishti
Ylli Shehu,"",Tiranë,PR,8,https://sq.wikipedia.org/wiki/Kuvendi_i_Shqip%C3%ABris%C3%AB,,ylli_shehu
